USE [HSBOSS]
GO
INSERT [dbo].[CM_CATALOG] ([OID], [OWNER], [PARENT_OID], [ORDER_CODE], [COLUMN_TYPE], [COLUMN_NAME], [HEAD], [SUBHEAD], [START_TIME], [END_TIME], [URL], [NOTE], [STATUS], [FULL_TEXT]) VALUES (N'0', NULL, N'-', N'000', N'00', N'全部', N'全部', N'---', CAST(N'1999-01-01 00:00:00.000' AS DateTime), CAST(N'2099-12-31 00:00:00.000' AS DateTime), NULL, NULL, N'01', NULL)
INSERT [dbo].[CM_CATALOG] ([OID], [OWNER], [PARENT_OID], [ORDER_CODE], [COLUMN_TYPE], [COLUMN_NAME], [HEAD], [SUBHEAD], [START_TIME], [END_TIME], [URL], [NOTE], [STATUS], [FULL_TEXT]) VALUES (N'01354524b05a44829982c7012d057365', N'', N'0', N'000000', N'01', N'栏目05', N'栏目05', N'undefined', CAST(N'2019-07-07 10:18:00.000' AS DateTime), CAST(N'2099-12-31 08:00:00.000' AS DateTime), N'', N'', N'00', N'')
INSERT [dbo].[CM_CATALOG] ([OID], [OWNER], [PARENT_OID], [ORDER_CODE], [COLUMN_TYPE], [COLUMN_NAME], [HEAD], [SUBHEAD], [START_TIME], [END_TIME], [URL], [NOTE], [STATUS], [FULL_TEXT]) VALUES (N'5c7981f95ee84553a7bf00f8b6ebcdae', N'', N'0', N'000001', N'01', N'栏目02', N'栏目02', N'undefined', CAST(N'2019-07-02 17:29:00.000' AS DateTime), CAST(N'2099-12-31 08:00:00.000' AS DateTime), N'', N'', N'00', N'')
INSERT [dbo].[CM_CATALOG] ([OID], [OWNER], [PARENT_OID], [ORDER_CODE], [COLUMN_TYPE], [COLUMN_NAME], [HEAD], [SUBHEAD], [START_TIME], [END_TIME], [URL], [NOTE], [STATUS], [FULL_TEXT]) VALUES (N'7b474197b3614dbda34f578ea99fb9ef', N'', N'0', N'000002', N'01', N'栏目01', N'栏目01', N'undefined', CAST(N'2019-07-02 17:27:00.000' AS DateTime), CAST(N'2099-12-31 08:00:00.000' AS DateTime), N'', N'', N'00', N'')
INSERT [dbo].[CM_CATALOG] ([OID], [OWNER], [PARENT_OID], [ORDER_CODE], [COLUMN_TYPE], [COLUMN_NAME], [HEAD], [SUBHEAD], [START_TIME], [END_TIME], [URL], [NOTE], [STATUS], [FULL_TEXT]) VALUES (N'97686c441ded465cbd35f5e431ae956a', N'', N'0', N'000003', N'01', N'栏目04', N'栏目04', N'undefined', CAST(N'2019-07-07 10:17:00.000' AS DateTime), CAST(N'2099-12-31 08:00:00.000' AS DateTime), N'', N'', N'00', N'')
INSERT [dbo].[CM_CATALOG] ([OID], [OWNER], [PARENT_OID], [ORDER_CODE], [COLUMN_TYPE], [COLUMN_NAME], [HEAD], [SUBHEAD], [START_TIME], [END_TIME], [URL], [NOTE], [STATUS], [FULL_TEXT]) VALUES (N'e8f7db32ef80470fbbf687a71e671625', N'', N'0', N'000004', N'01', N'栏目03', N'栏目03', N'undefined', CAST(N'2019-07-07 10:14:00.000' AS DateTime), CAST(N'2099-12-31 08:00:00.000' AS DateTime), N'', N'', N'00', N'')
INSERT [dbo].[CM_CONTENT] ([OID], [CM_CATALOG], [SN], [CONTENT_TYPE], [CONTENT_NAME], [HEAD], [SUBHEAD], [START_TIME], [END_TIME], [URL], [SRC], [NOTE], [STATUS], [FULL_TEXT]) VALUES (N'2266c60892d840b59ecb644b8fbb34b7', N'7b474197b3614dbda34f578ea99fb9ef', 4, N'00', N'内容03', N'', N'', CAST(N'2019-07-03 17:55:00.000' AS DateTime), CAST(N'2099-12-31 08:00:00.000' AS DateTime), N'', N'', N'', N'00', N'')
INSERT [dbo].[CM_CONTENT] ([OID], [CM_CATALOG], [SN], [CONTENT_TYPE], [CONTENT_NAME], [HEAD], [SUBHEAD], [START_TIME], [END_TIME], [URL], [SRC], [NOTE], [STATUS], [FULL_TEXT]) VALUES (N'22826453e40e45848141c5d61c748abc', N'7b474197b3614dbda34f578ea99fb9ef', 5, N'00', N'内容XX', N'内容02', N'内容01-01', CAST(N'2019-07-03 17:49:00.000' AS DateTime), CAST(N'2099-12-31 08:00:00.000' AS DateTime), N'../../app_data/HSBOSS/AFS/2019/0703/1749/22826453e40e45848141c5d61c748abc.png', N'', N'', N'00', N'')
INSERT [dbo].[CM_CONTENT] ([OID], [CM_CATALOG], [SN], [CONTENT_TYPE], [CONTENT_NAME], [HEAD], [SUBHEAD], [START_TIME], [END_TIME], [URL], [SRC], [NOTE], [STATUS], [FULL_TEXT]) VALUES (N'2e20f238c1324ff3ab4cbdad9f2bec74', N'7b474197b3614dbda34f578ea99fb9ef', 0, N'00', N'内容03', N'', N'', CAST(N'2019-07-03 17:46:00.000' AS DateTime), CAST(N'2099-12-31 08:00:00.000' AS DateTime), N'../../app_data/HSBOSS/AFS/2019/0703/1747/2e20f238c1324ff3ab4cbdad9f2bec74.png', N'', N'', N'00', N'')
INSERT [dbo].[CM_CONTENT] ([OID], [CM_CATALOG], [SN], [CONTENT_TYPE], [CONTENT_NAME], [HEAD], [SUBHEAD], [START_TIME], [END_TIME], [URL], [SRC], [NOTE], [STATUS], [FULL_TEXT]) VALUES (N'3126ba9939554c40bd70a585e4687e00', N'7b474197b3614dbda34f578ea99fb9ef', 3, N'00', N'内容02', N'', N'', CAST(N'2019-07-03 17:57:00.000' AS DateTime), CAST(N'2099-12-31 08:00:00.000' AS DateTime), N'', N'', N'', N'00', N'')
INSERT [dbo].[CM_CONTENT] ([OID], [CM_CATALOG], [SN], [CONTENT_TYPE], [CONTENT_NAME], [HEAD], [SUBHEAD], [START_TIME], [END_TIME], [URL], [SRC], [NOTE], [STATUS], [FULL_TEXT]) VALUES (N'5b8a98729c3443b083fd4fb438976692', N'7b474197b3614dbda34f578ea99fb9ef', 8, N'03', N'0000', N'00000', N'', CAST(N'2019-07-04 13:54:00.000' AS DateTime), CAST(N'2099-12-31 08:00:00.000' AS DateTime), N'../../app_data/HSBOSS/AFS/2019/0704/1355/5b8a98729c3443b083fd4fb438976692.doc', N'', N'', N'01', N'')
INSERT [dbo].[CM_CONTENT] ([OID], [CM_CATALOG], [SN], [CONTENT_TYPE], [CONTENT_NAME], [HEAD], [SUBHEAD], [START_TIME], [END_TIME], [URL], [SRC], [NOTE], [STATUS], [FULL_TEXT]) VALUES (N'7b8f97e8eea544e2b3ba65f53816867e', N'7b474197b3614dbda34f578ea99fb9ef', 1, N'00', N'内容01', N'内容01', N'内容01-01', CAST(N'2019-07-02 18:16:00.000' AS DateTime), CAST(N'2099-12-31 08:00:00.000' AS DateTime), N'../../app_data/HSBOSS/AFS/2019/0703/1513/7b8f97e8eea544e2b3ba65f53816867e.png', N'', N'', N'00', N'')
INSERT [dbo].[CM_CONTENT] ([OID], [CM_CATALOG], [SN], [CONTENT_TYPE], [CONTENT_NAME], [HEAD], [SUBHEAD], [START_TIME], [END_TIME], [URL], [SRC], [NOTE], [STATUS], [FULL_TEXT]) VALUES (N'8c2de224332e462fa6bc67ac3d3f04d5', N'7b474197b3614dbda34f578ea99fb9ef', 7, N'00', N'内容999', N'', N'', CAST(N'2019-07-04 13:24:00.000' AS DateTime), CAST(N'2099-12-31 08:00:00.000' AS DateTime), N'', N'', N'', N'00', N'')
INSERT [dbo].[CM_CONTENT] ([OID], [CM_CATALOG], [SN], [CONTENT_TYPE], [CONTENT_NAME], [HEAD], [SUBHEAD], [START_TIME], [END_TIME], [URL], [SRC], [NOTE], [STATUS], [FULL_TEXT]) VALUES (N'93a14089b6134ced84a0686430e2ed17', N'7b474197b3614dbda34f578ea99fb9ef', 2, N'00', N'内容02', N'内容02', N'', CAST(N'2019-07-03 17:44:00.000' AS DateTime), CAST(N'2099-12-31 08:00:00.000' AS DateTime), N'../../app_data/HSBOSS/AFS/2019/0703/1744/93a14089b6134ced84a0686430e2ed17.png', N'', N'', N'00', N'')
INSERT [dbo].[CM_CONTENT] ([OID], [CM_CATALOG], [SN], [CONTENT_TYPE], [CONTENT_NAME], [HEAD], [SUBHEAD], [START_TIME], [END_TIME], [URL], [SRC], [NOTE], [STATUS], [FULL_TEXT]) VALUES (N'c7cce0e0a3914331ba063cb7c14f06eb', N'5c7981f95ee84553a7bf00f8b6ebcdae', 9999, N'00', N'内容01', N'栏目01', N'内容01-01', CAST(N'2019-07-10 06:22:00.000' AS DateTime), CAST(N'2099-12-31 08:00:00.000' AS DateTime), N'', N'', N'', N'00', N'')
INSERT [dbo].[CM_CONTENT] ([OID], [CM_CATALOG], [SN], [CONTENT_TYPE], [CONTENT_NAME], [HEAD], [SUBHEAD], [START_TIME], [END_TIME], [URL], [SRC], [NOTE], [STATUS], [FULL_TEXT]) VALUES (N'f84fac431a074a06a5f1fde9af29c998', N'7b474197b3614dbda34f578ea99fb9ef', 6, N'00', N'内容XX', N'', N'', CAST(N'2019-07-04 13:21:00.000' AS DateTime), CAST(N'2099-12-31 08:00:00.000' AS DateTime), N'../../app_data/HSBOSS/AFS/2019/0704/1322/f84fac431a074a06a5f1fde9af29c998.png', N'', N'', N'00', N'')
INSERT [dbo].[FW_CODE_TYPE] ([OID], [SN], [TYPE_CODE], [TYPE_NAME], [DESCRIPTION]) VALUES (N'NC', 7, N'NC', N'世界国家地区编码', N'国家编码')
INSERT [dbo].[FW_CODE_TYPE] ([OID], [SN], [TYPE_CODE], [TYPE_NAME], [DESCRIPTION]) VALUES (N'CN_AD', 8, N'CN_AD', N'中国行政区划编码', N'中国行政区划编码')
INSERT [dbo].[FW_CODE_TYPE] ([OID], [SN], [TYPE_CODE], [TYPE_NAME], [DESCRIPTION]) VALUES (N'SEX', 2, N'SEX', N'性别编码', N'')
INSERT [dbo].[FW_CODE_TYPE] ([OID], [SN], [TYPE_CODE], [TYPE_NAME], [DESCRIPTION]) VALUES (N'CT', 6, N'CT', N'证件类别编码', N'')
INSERT [dbo].[FW_CODE_TYPE] ([OID], [SN], [TYPE_CODE], [TYPE_NAME], [DESCRIPTION]) VALUES (N'YoN', 1, N'YoN', N'是否选择', N'')
INSERT [dbo].[FW_CODE_TYPE] ([OID], [SN], [TYPE_CODE], [TYPE_NAME], [DESCRIPTION]) VALUES (N'CMT', 11, N'CMT', N'内容类型编码', N'')
INSERT [dbo].[FW_CODE_TYPE] ([OID], [SN], [TYPE_CODE], [TYPE_NAME], [DESCRIPTION]) VALUES (N'CCT', 10, N'CCT', N'内容栏目类别编码', N'')
INSERT [dbo].[FW_CODE_TYPE] ([OID], [SN], [TYPE_CODE], [TYPE_NAME], [DESCRIPTION]) VALUES (N'CMS', 12, N'CMS', N'内容状态编码', N'')
INSERT [dbo].[FW_CODE_TYPE] ([OID], [SN], [TYPE_CODE], [TYPE_NAME], [DESCRIPTION]) VALUES (N'UGT', 9, N'UGT', N'用户组织分类', N'')
INSERT [dbo].[FW_CODE_TYPE] ([OID], [SN], [TYPE_CODE], [TYPE_NAME], [DESCRIPTION]) VALUES (N'PNC', 3, N'PNC', N'民族', N'')
INSERT [dbo].[FW_CODE_TYPE] ([OID], [SN], [TYPE_CODE], [TYPE_NAME], [DESCRIPTION]) VALUES (N'PLG', 5, N'PLG', N'宗教信仰', N'')
INSERT [dbo].[FW_CODE_TYPE] ([OID], [SN], [TYPE_CODE], [TYPE_NAME], [DESCRIPTION]) VALUES (N'EDU', 4, N'EDU', N'教育程度', N'')
INSERT [dbo].[FW_CODE] ([OID], [CODE_TYPE_OID], [ORDER_CODE], [CODE], [CODE_NAME], [DESCRIPTION]) VALUES (N'SEX_1', N'SEX', N'000', N'1', N'男', N'')
INSERT [dbo].[FW_CODE] ([OID], [CODE_TYPE_OID], [ORDER_CODE], [CODE], [CODE_NAME], [DESCRIPTION]) VALUES (N'SEX_0', N'SEX', N'001', N'0', N'女', N'')
INSERT [dbo].[FW_CODE] ([OID], [CODE_TYPE_OID], [ORDER_CODE], [CODE], [CODE_NAME], [DESCRIPTION]) VALUES (N'NC_CHN', N'NC', N'000', N'CHN', N'中国', N'')
INSERT [dbo].[FW_CODE] ([OID], [CODE_TYPE_OID], [ORDER_CODE], [CODE], [CODE_NAME], [DESCRIPTION]) VALUES (N'CN_AD_4501', N'CN_AD', N'045001', N'4501', N'广西-南宁', N'')
INSERT [dbo].[FW_CODE] ([OID], [CODE_TYPE_OID], [ORDER_CODE], [CODE], [CODE_NAME], [DESCRIPTION]) VALUES (N'CN_AD_4502', N'CN_AD', N'045002', N'4502', N'广西-柳州', N'')
INSERT [dbo].[FW_CODE] ([OID], [CODE_TYPE_OID], [ORDER_CODE], [CODE], [CODE_NAME], [DESCRIPTION]) VALUES (N'CN_AD_45', N'CN_AD', N'045', N'45', N'广西', N'')
INSERT [dbo].[FW_CODE] ([OID], [CODE_TYPE_OID], [ORDER_CODE], [CODE], [CODE_NAME], [DESCRIPTION]) VALUES (N'CN_AD_4503', N'CN_AD', N'045003', N'4503', N'广西-桂林', N'')
INSERT [dbo].[FW_CODE] ([OID], [CODE_TYPE_OID], [ORDER_CODE], [CODE], [CODE_NAME], [DESCRIPTION]) VALUES (N'CT_00', N'CT', N'000', N'00', N'身份证', N'')
INSERT [dbo].[FW_CODE] ([OID], [CODE_TYPE_OID], [ORDER_CODE], [CODE], [CODE_NAME], [DESCRIPTION]) VALUES (N'CT_01', N'CT', N'001', N'01', N'护照', N'')
INSERT [dbo].[FW_CODE] ([OID], [CODE_TYPE_OID], [ORDER_CODE], [CODE], [CODE_NAME], [DESCRIPTION]) VALUES (N'CT_02', N'CT', N'002', N'02', N'军官证', N'')
INSERT [dbo].[FW_CODE] ([OID], [CODE_TYPE_OID], [ORDER_CODE], [CODE], [CODE_NAME], [DESCRIPTION]) VALUES (N'YoN_1', N'YoN', N'000', N'1', N'是', N'')
INSERT [dbo].[FW_CODE] ([OID], [CODE_TYPE_OID], [ORDER_CODE], [CODE], [CODE_NAME], [DESCRIPTION]) VALUES (N'YoN_0', N'YoN', N'001', N'0', N'否', N'')
INSERT [dbo].[FW_CODE] ([OID], [CODE_TYPE_OID], [ORDER_CODE], [CODE], [CODE_NAME], [DESCRIPTION]) VALUES (N'CMT_00', N'CMT', N'000', N'00', N'图片', N'')
INSERT [dbo].[FW_CODE] ([OID], [CODE_TYPE_OID], [ORDER_CODE], [CODE], [CODE_NAME], [DESCRIPTION]) VALUES (N'CMT_01', N'CMT', N'001', N'01', N'音频', N'')
INSERT [dbo].[FW_CODE] ([OID], [CODE_TYPE_OID], [ORDER_CODE], [CODE], [CODE_NAME], [DESCRIPTION]) VALUES (N'CMT_02', N'CMT', N'002', N'02', N'视频', N'')
INSERT [dbo].[FW_CODE] ([OID], [CODE_TYPE_OID], [ORDER_CODE], [CODE], [CODE_NAME], [DESCRIPTION]) VALUES (N'CMT_03', N'CMT', N'003', N'03', N'HTML富文本', N'')
INSERT [dbo].[FW_CODE] ([OID], [CODE_TYPE_OID], [ORDER_CODE], [CODE], [CODE_NAME], [DESCRIPTION]) VALUES (N'CCT_00', N'CCT', N'000', N'00', N'分组', N'')
INSERT [dbo].[FW_CODE] ([OID], [CODE_TYPE_OID], [ORDER_CODE], [CODE], [CODE_NAME], [DESCRIPTION]) VALUES (N'CCT_01', N'CCT', N'001', N'01', N'栏目', N'')
INSERT [dbo].[FW_CODE] ([OID], [CODE_TYPE_OID], [ORDER_CODE], [CODE], [CODE_NAME], [DESCRIPTION]) VALUES (N'CMS_00', N'CMS', N'000', N'00', N'下线', N'')
INSERT [dbo].[FW_CODE] ([OID], [CODE_TYPE_OID], [ORDER_CODE], [CODE], [CODE_NAME], [DESCRIPTION]) VALUES (N'CMS_01', N'CMS', N'001', N'01', N'上线', N'')
INSERT [dbo].[FW_CODE] ([OID], [CODE_TYPE_OID], [ORDER_CODE], [CODE], [CODE_NAME], [DESCRIPTION]) VALUES (N'UGT_000', N'UGT', N'000', N'000', N'全部', N'')
INSERT [dbo].[FW_CODE] ([OID], [CODE_TYPE_OID], [ORDER_CODE], [CODE], [CODE_NAME], [DESCRIPTION]) VALUES (N'UGT_000000', N'UGT', N'000000', N'000000', N'业务运营中心', N'')
INSERT [dbo].[FW_CODE] ([OID], [CODE_TYPE_OID], [ORDER_CODE], [CODE], [CODE_NAME], [DESCRIPTION]) VALUES (N'UGT_000001', N'UGT', N'000001', N'000001', N'行业管理部门', N'')
INSERT [dbo].[FW_CODE] ([OID], [CODE_TYPE_OID], [ORDER_CODE], [CODE], [CODE_NAME], [DESCRIPTION]) VALUES (N'UGT_000002', N'UGT', N'000002', N'000002', N'家政服务企业', N'')
INSERT [dbo].[FW_CODE] ([OID], [CODE_TYPE_OID], [ORDER_CODE], [CODE], [CODE_NAME], [DESCRIPTION]) VALUES (N'PNC_000', N'PNC', N'000', N'000', N'不详', N'')
INSERT [dbo].[FW_CODE] ([OID], [CODE_TYPE_OID], [ORDER_CODE], [CODE], [CODE_NAME], [DESCRIPTION]) VALUES (N'PLG_00', N'PLG', N'000', N'00', N'无', N'')
INSERT [dbo].[FW_CODE] ([OID], [CODE_TYPE_OID], [ORDER_CODE], [CODE], [CODE_NAME], [DESCRIPTION]) VALUES (N'PNC_001', N'PNC', N'001', N'001', N'汉族', N'')
INSERT [dbo].[FW_CODE] ([OID], [CODE_TYPE_OID], [ORDER_CODE], [CODE], [CODE_NAME], [DESCRIPTION]) VALUES (N'PLG_01', N'PLG', N'001', N'01', N'道教', N'')
INSERT [dbo].[FW_CODE] ([OID], [CODE_TYPE_OID], [ORDER_CODE], [CODE], [CODE_NAME], [DESCRIPTION]) VALUES (N'PLG_02', N'PLG', N'002', N'02', N'佛教', N'')
INSERT [dbo].[FW_CODE] ([OID], [CODE_TYPE_OID], [ORDER_CODE], [CODE], [CODE_NAME], [DESCRIPTION]) VALUES (N'PLG_03', N'PLG', N'003', N'03', N'基督教', N'')
INSERT [dbo].[FW_CODE] ([OID], [CODE_TYPE_OID], [ORDER_CODE], [CODE], [CODE_NAME], [DESCRIPTION]) VALUES (N'PLG_04', N'PLG', N'004', N'04', N'伊斯兰教', N'')
INSERT [dbo].[FW_CODE] ([OID], [CODE_TYPE_OID], [ORDER_CODE], [CODE], [CODE_NAME], [DESCRIPTION]) VALUES (N'PLG_05', N'PLG', N'005', N'05', N'犹太教', N'')
INSERT [dbo].[FW_CODE] ([OID], [CODE_TYPE_OID], [ORDER_CODE], [CODE], [CODE_NAME], [DESCRIPTION]) VALUES (N'EDU_00', N'EDU', N'000', N'00', N'无', N'')
INSERT [dbo].[FW_CODE] ([OID], [CODE_TYPE_OID], [ORDER_CODE], [CODE], [CODE_NAME], [DESCRIPTION]) VALUES (N'EDU_01', N'EDU', N'001', N'01', N'小学', N'')
INSERT [dbo].[FW_CODE] ([OID], [CODE_TYPE_OID], [ORDER_CODE], [CODE], [CODE_NAME], [DESCRIPTION]) VALUES (N'EDU_02', N'EDU', N'002', N'02', N'初中', N'')
INSERT [dbo].[FW_CODE] ([OID], [CODE_TYPE_OID], [ORDER_CODE], [CODE], [CODE_NAME], [DESCRIPTION]) VALUES (N'EDU_03', N'EDU', N'003', N'03', N'高中', N'')
INSERT [dbo].[FW_CODE] ([OID], [CODE_TYPE_OID], [ORDER_CODE], [CODE], [CODE_NAME], [DESCRIPTION]) VALUES (N'EDU_04', N'EDU', N'004', N'04', N'中职', N'')
INSERT [dbo].[FW_CODE] ([OID], [CODE_TYPE_OID], [ORDER_CODE], [CODE], [CODE_NAME], [DESCRIPTION]) VALUES (N'EDU_05', N'EDU', N'005', N'05', N'高职', N'')
INSERT [dbo].[FW_CODE] ([OID], [CODE_TYPE_OID], [ORDER_CODE], [CODE], [CODE_NAME], [DESCRIPTION]) VALUES (N'EDU_06', N'EDU', N'006', N'06', N'大专', N'')
INSERT [dbo].[FW_CODE] ([OID], [CODE_TYPE_OID], [ORDER_CODE], [CODE], [CODE_NAME], [DESCRIPTION]) VALUES (N'EDU_07', N'EDU', N'007', N'07', N'大学', N'')
INSERT [dbo].[FW_CODE] ([OID], [CODE_TYPE_OID], [ORDER_CODE], [CODE], [CODE_NAME], [DESCRIPTION]) VALUES (N'EDU_08', N'EDU', N'008', N'08', N'硕士', N'')
INSERT [dbo].[FW_CODE] ([OID], [CODE_TYPE_OID], [ORDER_CODE], [CODE], [CODE_NAME], [DESCRIPTION]) VALUES (N'EDU_09', N'EDU', N'009', N'09', N'博士', N'')
INSERT [dbo].[FW_GROUP] ([OID], [PARENT_OID], [ORDER_CODE], [GROUP_CODE], [GROUP_NAME], [SHORT_NAME], [GROUP_TYPE], [IS_ACTIVE], [DESCRIPTION]) VALUES (N'admin', N'-', N'0_000', N'admin', N'广西家政云平台运维中心', N'家政云平台运维中心', N'000', 1, N'家政云平台运维中心')
INSERT [dbo].[FW_GROUP] ([OID], [PARENT_OID], [ORDER_CODE], [GROUP_CODE], [GROUP_NAME], [SHORT_NAME], [GROUP_TYPE], [IS_ACTIVE], [DESCRIPTION]) VALUES (N'003', N'-', N'003_000', N'003', N'广西家政云平台-钦州运营中心', N'钦州运营中心', N'000000', 1, N'钦州运营中心')
INSERT [dbo].[FW_GROUP] ([OID], [PARENT_OID], [ORDER_CODE], [GROUP_CODE], [GROUP_NAME], [SHORT_NAME], [GROUP_TYPE], [IS_ACTIVE], [DESCRIPTION]) VALUES (N'001', N'-', N'001_000', N'001', N'广西家政云平台-南宁运营中心', N'家政云南宁中心', N'000000', 1, N'')
INSERT [dbo].[FW_GROUP] ([OID], [PARENT_OID], [ORDER_CODE], [GROUP_CODE], [GROUP_NAME], [SHORT_NAME], [GROUP_TYPE], [IS_ACTIVE], [DESCRIPTION]) VALUES (N'530002', N'-', N'000', N'530002', N'广西家政云平台-柳州运营中心', N'家政云柳州中心', N'000000', 1, N'')
INSERT [dbo].[FW_GROUP] ([OID], [PARENT_OID], [ORDER_CODE], [GROUP_CODE], [GROUP_NAME], [SHORT_NAME], [GROUP_TYPE], [IS_ACTIVE], [DESCRIPTION]) VALUES (N'9bf76003f5ca4b288d3e7b3e1d531509', N'0', N'0_000000', N'', N'运维部', N'运维部', N'', 1, N'')
INSERT [dbo].[FW_GROUP] ([OID], [PARENT_OID], [ORDER_CODE], [GROUP_CODE], [GROUP_NAME], [SHORT_NAME], [GROUP_TYPE], [IS_ACTIVE], [DESCRIPTION]) VALUES (N'69493116711c4ccaac2d283d8a230637', N'0', N'0_000001', N'', N'销售部', N'销售部', N'', 1, N'')
INSERT [dbo].[FW_GROUP] ([OID], [PARENT_OID], [ORDER_CODE], [GROUP_CODE], [GROUP_NAME], [SHORT_NAME], [GROUP_TYPE], [IS_ACTIVE], [DESCRIPTION]) VALUES (N'00cdeba535b643c69e99c381aa626a14', N'0', N'0_000002', N'', N'综合部', N'综合部', N'', 1, N'')
INSERT [dbo].[FW_GROUP] ([OID], [PARENT_OID], [ORDER_CODE], [GROUP_CODE], [GROUP_NAME], [SHORT_NAME], [GROUP_TYPE], [IS_ACTIVE], [DESCRIPTION]) VALUES (N'1142442624ac42a2a43a5b7ae9a8bcad', N'-', N'', N'91450103098575813N', N'南宁市简易数码科技有限公司', N'', N'000002', 1, N'')
INSERT [dbo].[FW_GROUP] ([OID], [PARENT_OID], [ORDER_CODE], [GROUP_CODE], [GROUP_NAME], [SHORT_NAME], [GROUP_TYPE], [IS_ACTIVE], [DESCRIPTION]) VALUES (N'7092ad43856a4010b14c577e395ed790', N'-', N'', N'91450103098575813N', N'南宁市简易数码科技有限公司', N'', N'000002', 1, N'')
INSERT [dbo].[FW_GROUP] ([OID], [PARENT_OID], [ORDER_CODE], [GROUP_CODE], [GROUP_NAME], [SHORT_NAME], [GROUP_TYPE], [IS_ACTIVE], [DESCRIPTION]) VALUES (N'8b912f5f68c14952a4799c00c2b2cd2d', N'-', N'', N'', N'', N'', N'000002', 1, N'')
INSERT [dbo].[FW_GROUP_APP] ([OID], [GROUP_OID], [APPLICATION]) VALUES (N'73b680a43a9240179ddc65f0d2b8e25d', N'003', N'fb79603b186245449180b0fe06876e1b')
INSERT [dbo].[FW_GROUP_APP] ([OID], [GROUP_OID], [APPLICATION]) VALUES (N'789d48f3003b49f5b9df7960f6ee5f2e', N'001', N'fb79603b186245449180b0fe06876e1b')
INSERT [dbo].[FW_GROUP_APP] ([OID], [GROUP_OID], [APPLICATION]) VALUES (N'cd0a69ac95334e219bb7a79785a3c4ed', N'admin', N'fb79603b186245449180b0fe06876e1b')
INSERT [dbo].[FW_GROUP_APP] ([OID], [GROUP_OID], [APPLICATION]) VALUES (N'dcf40b413ede4726bedfdef125e25e9e', N'admin', N'000')
INSERT [dbo].[FW_GROUP_APP] ([OID], [GROUP_OID], [APPLICATION]) VALUES (N'fc7e7d77971b4226a4c3358b47b4dd4f', N'530002', N'fb79603b186245449180b0fe06876e1b')
INSERT [dbo].[FW_GROUP_APP] ([OID], [GROUP_OID], [APPLICATION]) VALUES (N'ff08e416e8b34a36b5e7fb11af6670ad', N'admin', N'594bde85a619455d9272e00161182456')
INSERT [dbo].[FW_ROLE] ([OID], [GROUP_OID], [SN], [ROLE_NAME], [DESCRIPTION]) VALUES (N'admin', N'admin', 0, N'系统管理员', N'')
INSERT [dbo].[FW_ROLE] ([OID], [GROUP_OID], [SN], [ROLE_NAME], [DESCRIPTION]) VALUES (N'530002', N'530002', 0, N'系统管理员', N'')
INSERT [dbo].[FW_ROLE] ([OID], [GROUP_OID], [SN], [ROLE_NAME], [DESCRIPTION]) VALUES (N'001', N'001', 0, N'系统管理员', N'')
INSERT [dbo].[FW_ROLE] ([OID], [GROUP_OID], [SN], [ROLE_NAME], [DESCRIPTION]) VALUES (N'003', N'003', 0, N'系统管理员', N'')
INSERT [dbo].[FW_ROLE] ([OID], [GROUP_OID], [SN], [ROLE_NAME], [DESCRIPTION]) VALUES (N'530002-01', N'530002', 1, N'业务主管', N'')
INSERT [dbo].[FW_USER] ([OID], [GROUP_OID], [USER_NAME], [PASSWORD], [USER_CODE], [REAL_NAME], [PY], [PIC], [SEX], [TEL], [MOB], [EMAIL], [DESCRIPTION], [IS_ACTIVE], [THEME], [BINDING_DEVICES]) VALUES (N'admin', N'admin', N'admin', N'admin', N'admin', N'李琼', N'null', N'../../app_data/entlogicSystem/AFS/2019/0715/1301/admin.jpg', 1, N'07712850999', N'18607816066', N'liqong@easylink.cn', N'null', 1, N'null', NULL)
INSERT [dbo].[FW_USER] ([OID], [GROUP_OID], [USER_NAME], [PASSWORD], [USER_CODE], [REAL_NAME], [PY], [PIC], [SEX], [TEL], [MOB], [EMAIL], [DESCRIPTION], [IS_ACTIVE], [THEME], [BINDING_DEVICES]) VALUES (N'liqong', N'003', N'liqong', N'971210', N'18607816066', N'李琼', N'', N'', 1, N'', N'', N'', N'', 1, N'', NULL)
INSERT [dbo].[FW_USER] ([OID], [GROUP_OID], [USER_NAME], [PASSWORD], [USER_CODE], [REAL_NAME], [PY], [PIC], [SEX], [TEL], [MOB], [EMAIL], [DESCRIPTION], [IS_ACTIVE], [THEME], [BINDING_DEVICES]) VALUES (N'530002', N'530002', N'530002', N'123456', N'123456', N'李琼', N'', N'../../app_data/entlogicSystem/AFS/2019/0715/1300/530002.jpg', 1, N'', N'', N'', N'', 1, N'', NULL)
INSERT [dbo].[FW_USER] ([OID], [GROUP_OID], [USER_NAME], [PASSWORD], [USER_CODE], [REAL_NAME], [PY], [PIC], [SEX], [TEL], [MOB], [EMAIL], [DESCRIPTION], [IS_ACTIVE], [THEME], [BINDING_DEVICES]) VALUES (N'001', N'001', N'001', N'123456', N'', N'', N'', N'', 1, N'', N'', N'', N'', 1, N'', NULL)
INSERT [dbo].[FW_USER] ([OID], [GROUP_OID], [USER_NAME], [PASSWORD], [USER_CODE], [REAL_NAME], [PY], [PIC], [SEX], [TEL], [MOB], [EMAIL], [DESCRIPTION], [IS_ACTIVE], [THEME], [BINDING_DEVICES]) VALUES (N'003', N'003', N'003', N'123456', N'', N'', N'', N'', 1, N'', N'', N'', N'', 1, N'', N'')
INSERT [dbo].[FW_USER] ([OID], [GROUP_OID], [USER_NAME], [PASSWORD], [USER_CODE], [REAL_NAME], [PY], [PIC], [SEX], [TEL], [MOB], [EMAIL], [DESCRIPTION], [IS_ACTIVE], [THEME], [BINDING_DEVICES]) VALUES (N'1142442624ac42a2a43a5b7ae9a8bcad', N'1142442624ac42a2a43a5b7ae9a8bcad', N'1142442624ac42a2a43a5b7ae9a8bcad', N'', N'', N'', N'', N'', 0, N'', N'', N'', N'', 0, N'', N'863558046962182')
INSERT [dbo].[FW_USER] ([OID], [GROUP_OID], [USER_NAME], [PASSWORD], [USER_CODE], [REAL_NAME], [PY], [PIC], [SEX], [TEL], [MOB], [EMAIL], [DESCRIPTION], [IS_ACTIVE], [THEME], [BINDING_DEVICES]) VALUES (N'18607816066', N'7092ad43856a4010b14c577e395ed790', N'18607816066', N'123', N'', N'梁振球', N'', N'', 0, N'', N'', N'', N'', 0, N'', N'')
INSERT [dbo].[FW_MENU] ([OID], [PARENT_OID], [ORDER_CODE], [MENU_TYPE], [MENU_ICON], [MENU_NAME], [APPLICATION]) VALUES (N'000', N'-', N'000', N'group', N'', N'系统配置管理', N'')
INSERT [dbo].[FW_MENU] ([OID], [PARENT_OID], [ORDER_CODE], [MENU_TYPE], [MENU_ICON], [MENU_NAME], [APPLICATION]) VALUES (N'000000', N'00', N'000000', N'item', NULL, N'系统参数配置', N'ParameterMngForm.html')
INSERT [dbo].[FW_MENU] ([OID], [PARENT_OID], [ORDER_CODE], [MENU_TYPE], [MENU_ICON], [MENU_NAME], [APPLICATION]) VALUES (N'000001', N'000', N'000000', N'item', N'null', N'系统编码管理', N'CodeMngForm.html')
INSERT [dbo].[FW_MENU] ([OID], [PARENT_OID], [ORDER_CODE], [MENU_TYPE], [MENU_ICON], [MENU_NAME], [APPLICATION]) VALUES (N'eb14eac951bb4129872dab054a7dfe74', N'fb79603b186245449180b0fe06876e1b', N'001001', N'item', N'', N'用户角色管理', N'../../app_modules/entlogicSystem/RoleMngForm.html')
INSERT [dbo].[FW_MENU] ([OID], [PARENT_OID], [ORDER_CODE], [MENU_TYPE], [MENU_ICON], [MENU_NAME], [APPLICATION]) VALUES (N'fb79603b186245449180b0fe06876e1b', N'-', N'001', N'group', N'', N'家政平台管理', N'')
INSERT [dbo].[FW_MENU] ([OID], [PARENT_OID], [ORDER_CODE], [MENU_TYPE], [MENU_ICON], [MENU_NAME], [APPLICATION]) VALUES (N'6b701f890efc459f8b6b6cdece58d7c3', N'fb79603b186245449180b0fe06876e1b', N'001003', N'item', N'', N'服务人员管理', N'../HSBOSS/WorkerMngForm.html')
INSERT [dbo].[FW_MENU] ([OID], [PARENT_OID], [ORDER_CODE], [MENU_TYPE], [MENU_ICON], [MENU_NAME], [APPLICATION]) VALUES (N'8c110faf3267446e8f4ae988fa223bad', N'fb79603b186245449180b0fe06876e1b', N'001004', N'item', N'', N'客户资料管理', N'../HSBOSS/CustomerMngForm.html')
INSERT [dbo].[FW_MENU] ([OID], [PARENT_OID], [ORDER_CODE], [MENU_TYPE], [MENU_ICON], [MENU_NAME], [APPLICATION]) VALUES (N'14365e2b2015405380789b67c499b9ee', N'fb79603b186245449180b0fe06876e1b', N'001005', N'item', N'', N'家政企业管理', N'../HSBOSS/EnterpriseMngForm.html')
INSERT [dbo].[FW_MENU] ([OID], [PARENT_OID], [ORDER_CODE], [MENU_TYPE], [MENU_ICON], [MENU_NAME], [APPLICATION]) VALUES (N'594bde85a619455d9272e00161182456', N'-', N'002', N'group', N'', N'家政企业管理', N'')
INSERT [dbo].[FW_MENU] ([OID], [PARENT_OID], [ORDER_CODE], [MENU_TYPE], [MENU_ICON], [MENU_NAME], [APPLICATION]) VALUES (N'e70db2a1521e4ddb8f30b7dbeaab95ea', N'fb79603b186245449180b0fe06876e1b', N'001006', N'item', N'', N'服务产品管理', N'../HSBOSS/ServiceMngForm.html')
INSERT [dbo].[FW_MENU] ([OID], [PARENT_OID], [ORDER_CODE], [MENU_TYPE], [MENU_ICON], [MENU_NAME], [APPLICATION]) VALUES (N'8a1655744e1e4476a08f6eefa7a3d1ac', N'fb79603b186245449180b0fe06876e1b', N'001007', N'item', N'', N'服务订单管理', N'../HSBOSS/OrderMngForm.html')
INSERT [dbo].[FW_MENU] ([OID], [PARENT_OID], [ORDER_CODE], [MENU_TYPE], [MENU_ICON], [MENU_NAME], [APPLICATION]) VALUES (N'ff0dc8704a0e400b99dfd591b5bba1ba', N'fb79603b186245449180b0fe06876e1b', N'001000', N'item', N'', N'应用编码管理', N'../HSBOSS/CodeMngForm.html')
INSERT [dbo].[FW_MENU] ([OID], [PARENT_OID], [ORDER_CODE], [MENU_TYPE], [MENU_ICON], [MENU_NAME], [APPLICATION]) VALUES (N'16961958c02b49a49deccc118905a71b', N'594bde85a619455d9272e00161182456', N'002001', N'item', N'', N'服务人员管理', N'../HSBOSS_E/WorkerMngForm.html')
INSERT [dbo].[FW_MENU] ([OID], [PARENT_OID], [ORDER_CODE], [MENU_TYPE], [MENU_ICON], [MENU_NAME], [APPLICATION]) VALUES (N'a5b87c681a414e02859bb0edf48b2b11', N'594bde85a619455d9272e00161182456', N'002000', N'item', N'', N'企业基本信息', N'')
INSERT [dbo].[FW_MENU] ([OID], [PARENT_OID], [ORDER_CODE], [MENU_TYPE], [MENU_ICON], [MENU_NAME], [APPLICATION]) VALUES (N'aee6ea159ed54cb381753fa3f6c74432', N'594bde85a619455d9272e00161182456', N'002002', N'item', N'', N'客户资料管理', N'')
INSERT [dbo].[FW_MENU] ([OID], [PARENT_OID], [ORDER_CODE], [MENU_TYPE], [MENU_ICON], [MENU_NAME], [APPLICATION]) VALUES (N'd2bc98a2269e42978250d3a80da857a7', N'594bde85a619455d9272e00161182456', N'002003', N'item', N'', N'服务产品管理', N'')
INSERT [dbo].[FW_MENU] ([OID], [PARENT_OID], [ORDER_CODE], [MENU_TYPE], [MENU_ICON], [MENU_NAME], [APPLICATION]) VALUES (N'2777880a1472488298ac1e828f687d79', N'594bde85a619455d9272e00161182456', N'002004', N'item', N'', N'服务订单管理', N'')
INSERT [dbo].[FW_MENU] ([OID], [PARENT_OID], [ORDER_CODE], [MENU_TYPE], [MENU_ICON], [MENU_NAME], [APPLICATION]) VALUES (N'742c5bd7fc414222b258d4eb040ee157', N'594bde85a619455d9272e00161182456', N'002005', N'item', N'', N'财务结算管理', N'')
INSERT [dbo].[FW_MENU] ([OID], [PARENT_OID], [ORDER_CODE], [MENU_TYPE], [MENU_ICON], [MENU_NAME], [APPLICATION]) VALUES (N'ab657b70f2d0442984a0d99354016c1c', N'594bde85a619455d9272e00161182456', N'002006', N'item', N'', N'业务统计分析', N'')
INSERT [dbo].[FW_MENU] ([OID], [PARENT_OID], [ORDER_CODE], [MENU_TYPE], [MENU_ICON], [MENU_NAME], [APPLICATION]) VALUES (N'61097fe4ecef4d399621f244fa25d997', N'fb79603b186245449180b0fe06876e1b', N'001008', N'item', N'', N'业务统计分析', N'')
INSERT [dbo].[FW_MENU] ([OID], [PARENT_OID], [ORDER_CODE], [MENU_TYPE], [MENU_ICON], [MENU_NAME], [APPLICATION]) VALUES (N'8e968b012fc9473ea405da3190383920', N'00', N'000005', N'item', N'', N'应用内容管理', N'ContentMngForm.html')
INSERT [dbo].[FW_MENU] ([OID], [PARENT_OID], [ORDER_CODE], [MENU_TYPE], [MENU_ICON], [MENU_NAME], [APPLICATION]) VALUES (N'0cd18dace1e34b888bed3100d31e8c49', N'00', N'000002', N'item', N'', N'用户组织管理', N'GroupMngForm.html')
INSERT [dbo].[FW_MENU] ([OID], [PARENT_OID], [ORDER_CODE], [MENU_TYPE], [MENU_ICON], [MENU_NAME], [APPLICATION]) VALUES (N'8249c0415ea74e5083ef66dce6d73fc8', N'fb79603b186245449180b0fe06876e1b', N'001002', N'item', N'', N'系统用户管理', N'../../app_modules/entlogicSystem/UserMngForm.html')
INSERT [dbo].[FW_ROLE_AUTHORIZATION] ([OID], [ROLE_OID], [MENU_OID]) VALUES (N'46b9f9667e1f45d79900337bc037f886', N'admin', N'000')
INSERT [dbo].[FW_ROLE_AUTHORIZATION] ([OID], [ROLE_OID], [MENU_OID]) VALUES (N'75b93d68ffcb44fd9a383cb52c1627f8', N'admin', N'000000')
INSERT [dbo].[FW_ROLE_AUTHORIZATION] ([OID], [ROLE_OID], [MENU_OID]) VALUES (N'60b4743dd12543d6ad9522e356a46b99', N'admin', N'000001')
INSERT [dbo].[FW_ROLE_AUTHORIZATION] ([OID], [ROLE_OID], [MENU_OID]) VALUES (N'10a857882d894416ae11e1027114b2dd', N'admin', N'0cd18dace1e34b888bed3100d31e8c49')
INSERT [dbo].[FW_ROLE_AUTHORIZATION] ([OID], [ROLE_OID], [MENU_OID]) VALUES (N'0a8ed3ca64ec4b45937a2a05bb53384e', N'admin', N'8e968b012fc9473ea405da3190383920')
INSERT [dbo].[FW_ROLE_AUTHORIZATION] ([OID], [ROLE_OID], [MENU_OID]) VALUES (N'5f84a42c3c3943f7b04e9a21e8319403', N'admin', N'fb79603b186245449180b0fe06876e1b')
INSERT [dbo].[FW_ROLE_AUTHORIZATION] ([OID], [ROLE_OID], [MENU_OID]) VALUES (N'5d36dda73a7a46daa05f36013c9b8449', N'admin', N'ff0dc8704a0e400b99dfd591b5bba1ba')
INSERT [dbo].[FW_ROLE_AUTHORIZATION] ([OID], [ROLE_OID], [MENU_OID]) VALUES (N'156a9309cbcb45e7ab71702b28253afc', N'admin', N'eb14eac951bb4129872dab054a7dfe74')
INSERT [dbo].[FW_ROLE_AUTHORIZATION] ([OID], [ROLE_OID], [MENU_OID]) VALUES (N'08b7afd6bd9c4d42b1257ee65b23b106', N'admin', N'8249c0415ea74e5083ef66dce6d73fc8')
INSERT [dbo].[FW_ROLE_AUTHORIZATION] ([OID], [ROLE_OID], [MENU_OID]) VALUES (N'79a3d9d2c09144ed9168d1668363e9e9', N'admin', N'6b701f890efc459f8b6b6cdece58d7c3')
INSERT [dbo].[FW_ROLE_AUTHORIZATION] ([OID], [ROLE_OID], [MENU_OID]) VALUES (N'8b5cce5c5491409ab2f26ca57e21006e', N'admin', N'8c110faf3267446e8f4ae988fa223bad')
INSERT [dbo].[FW_ROLE_AUTHORIZATION] ([OID], [ROLE_OID], [MENU_OID]) VALUES (N'f79ca685b3cf4faf947df7d70bf01df0', N'admin', N'14365e2b2015405380789b67c499b9ee')
INSERT [dbo].[FW_ROLE_AUTHORIZATION] ([OID], [ROLE_OID], [MENU_OID]) VALUES (N'8614e63e45df44e39c85fd6bcbf6e9bc', N'admin', N'e70db2a1521e4ddb8f30b7dbeaab95ea')
INSERT [dbo].[FW_ROLE_AUTHORIZATION] ([OID], [ROLE_OID], [MENU_OID]) VALUES (N'6db8795ce9de48afaf6f784e8c4544f5', N'admin', N'8a1655744e1e4476a08f6eefa7a3d1ac')
INSERT [dbo].[FW_ROLE_AUTHORIZATION] ([OID], [ROLE_OID], [MENU_OID]) VALUES (N'714988497a754a518883c51aaf67c505', N'admin', N'61097fe4ecef4d399621f244fa25d997')
INSERT [dbo].[FW_ROLE_AUTHORIZATION] ([OID], [ROLE_OID], [MENU_OID]) VALUES (N'0a23ab9e3043417294abed2d68997a86', N'admin', N'594bde85a619455d9272e00161182456')
INSERT [dbo].[FW_ROLE_AUTHORIZATION] ([OID], [ROLE_OID], [MENU_OID]) VALUES (N'db3655468c834cf5bf1457c9e34f87dd', N'admin', N'a5b87c681a414e02859bb0edf48b2b11')
INSERT [dbo].[FW_ROLE_AUTHORIZATION] ([OID], [ROLE_OID], [MENU_OID]) VALUES (N'dbea3d495fb44189bed564a94f3f6f5a', N'admin', N'16961958c02b49a49deccc118905a71b')
INSERT [dbo].[FW_ROLE_AUTHORIZATION] ([OID], [ROLE_OID], [MENU_OID]) VALUES (N'a9a90eeb97194a1e878a948e3b3d21a6', N'admin', N'aee6ea159ed54cb381753fa3f6c74432')
INSERT [dbo].[FW_ROLE_AUTHORIZATION] ([OID], [ROLE_OID], [MENU_OID]) VALUES (N'ef94bdb65226466f8a9106c661935e97', N'admin', N'd2bc98a2269e42978250d3a80da857a7')
INSERT [dbo].[FW_ROLE_AUTHORIZATION] ([OID], [ROLE_OID], [MENU_OID]) VALUES (N'71843f3258964ed09b95b7f5a1e8e736', N'admin', N'2777880a1472488298ac1e828f687d79')
INSERT [dbo].[FW_ROLE_AUTHORIZATION] ([OID], [ROLE_OID], [MENU_OID]) VALUES (N'2a371ee513144be08c8c6f8c2daea234', N'admin', N'742c5bd7fc414222b258d4eb040ee157')
INSERT [dbo].[FW_ROLE_AUTHORIZATION] ([OID], [ROLE_OID], [MENU_OID]) VALUES (N'41cf0ab1089244f991070710d48a3621', N'admin', N'ab657b70f2d0442984a0d99354016c1c')
INSERT [dbo].[FW_ROLE_AUTHORIZATION] ([OID], [ROLE_OID], [MENU_OID]) VALUES (N'22bc5920d8604303a07b2b11bb0cdf26', N'530002', N'fb79603b186245449180b0fe06876e1b')
INSERT [dbo].[FW_ROLE_AUTHORIZATION] ([OID], [ROLE_OID], [MENU_OID]) VALUES (N'50c636e03bc54305af189c32f61dea82', N'530002', N'ff0dc8704a0e400b99dfd591b5bba1ba')
INSERT [dbo].[FW_ROLE_AUTHORIZATION] ([OID], [ROLE_OID], [MENU_OID]) VALUES (N'6efa73bfe0594fa7a9b8fc8aee545693', N'530002', N'eb14eac951bb4129872dab054a7dfe74')
INSERT [dbo].[FW_ROLE_AUTHORIZATION] ([OID], [ROLE_OID], [MENU_OID]) VALUES (N'c86323e9357244728f7bee81dbdf1afe', N'530002', N'8249c0415ea74e5083ef66dce6d73fc8')
INSERT [dbo].[FW_ROLE_AUTHORIZATION] ([OID], [ROLE_OID], [MENU_OID]) VALUES (N'c46d196342be4b859edd5c1cf03de5dd', N'530002', N'6b701f890efc459f8b6b6cdece58d7c3')
INSERT [dbo].[FW_ROLE_AUTHORIZATION] ([OID], [ROLE_OID], [MENU_OID]) VALUES (N'aa3b7c2ee3c947caa41cc9330f28b5ec', N'530002', N'8c110faf3267446e8f4ae988fa223bad')
INSERT [dbo].[FW_ROLE_AUTHORIZATION] ([OID], [ROLE_OID], [MENU_OID]) VALUES (N'59dc794efb314700bc4927f54d39b665', N'530002', N'14365e2b2015405380789b67c499b9ee')
INSERT [dbo].[FW_ROLE_AUTHORIZATION] ([OID], [ROLE_OID], [MENU_OID]) VALUES (N'320cac2854a24ce4b36249305482b4f7', N'530002', N'e70db2a1521e4ddb8f30b7dbeaab95ea')
INSERT [dbo].[FW_ROLE_AUTHORIZATION] ([OID], [ROLE_OID], [MENU_OID]) VALUES (N'aaa00ba6484a449c88782626d6319ee3', N'530002', N'8a1655744e1e4476a08f6eefa7a3d1ac')
INSERT [dbo].[FW_ROLE_AUTHORIZATION] ([OID], [ROLE_OID], [MENU_OID]) VALUES (N'bcb201e1915f4144895ae9eda3bbee73', N'530002', N'61097fe4ecef4d399621f244fa25d997')
INSERT [dbo].[FW_ROLE_AUTHORIZATION] ([OID], [ROLE_OID], [MENU_OID]) VALUES (N'0fba5c0f8a3d46108143a0b8d3ecfbe6', N'001', N'fb79603b186245449180b0fe06876e1b')
INSERT [dbo].[FW_ROLE_AUTHORIZATION] ([OID], [ROLE_OID], [MENU_OID]) VALUES (N'a8362228cd0d4c9fad3afe10cdcdc066', N'001', N'ff0dc8704a0e400b99dfd591b5bba1ba')
INSERT [dbo].[FW_ROLE_AUTHORIZATION] ([OID], [ROLE_OID], [MENU_OID]) VALUES (N'5af873889ca243d4bdab629e2fdf10f2', N'001', N'eb14eac951bb4129872dab054a7dfe74')
INSERT [dbo].[FW_ROLE_AUTHORIZATION] ([OID], [ROLE_OID], [MENU_OID]) VALUES (N'3ad9fd0eff0f4f429bed4590ef7136d8', N'001', N'8249c0415ea74e5083ef66dce6d73fc8')
INSERT [dbo].[FW_ROLE_AUTHORIZATION] ([OID], [ROLE_OID], [MENU_OID]) VALUES (N'd9a6ff8b0b1f421d889dc5c7c0c5b8b5', N'001', N'6b701f890efc459f8b6b6cdece58d7c3')
INSERT [dbo].[FW_ROLE_AUTHORIZATION] ([OID], [ROLE_OID], [MENU_OID]) VALUES (N'a5b3c9975f1b43688a68bd9cf9b7f800', N'001', N'8c110faf3267446e8f4ae988fa223bad')
INSERT [dbo].[FW_ROLE_AUTHORIZATION] ([OID], [ROLE_OID], [MENU_OID]) VALUES (N'ef4685c8c4ed4b9885560a1640735923', N'001', N'14365e2b2015405380789b67c499b9ee')
INSERT [dbo].[FW_ROLE_AUTHORIZATION] ([OID], [ROLE_OID], [MENU_OID]) VALUES (N'9d2a4459476d4e538f80d6414cd5f44a', N'001', N'e70db2a1521e4ddb8f30b7dbeaab95ea')
INSERT [dbo].[FW_ROLE_AUTHORIZATION] ([OID], [ROLE_OID], [MENU_OID]) VALUES (N'1a8f293765494ef391b90239c05541fe', N'001', N'8a1655744e1e4476a08f6eefa7a3d1ac')
INSERT [dbo].[FW_ROLE_AUTHORIZATION] ([OID], [ROLE_OID], [MENU_OID]) VALUES (N'a71bf3c08ead41aa96cb8f0805720c86', N'003', N'fb79603b186245449180b0fe06876e1b')
INSERT [dbo].[FW_ROLE_AUTHORIZATION] ([OID], [ROLE_OID], [MENU_OID]) VALUES (N'2a99835c27f640fb92a0f4eab90dacbd', N'003', N'ff0dc8704a0e400b99dfd591b5bba1ba')
INSERT [dbo].[FW_ROLE_AUTHORIZATION] ([OID], [ROLE_OID], [MENU_OID]) VALUES (N'ba9db7d0b93547fb8bf74ecbf86c750e', N'003', N'eb14eac951bb4129872dab054a7dfe74')
INSERT [dbo].[FW_ROLE_AUTHORIZATION] ([OID], [ROLE_OID], [MENU_OID]) VALUES (N'eb04dae0c5aa4a088b11cd354a9a5d99', N'003', N'8249c0415ea74e5083ef66dce6d73fc8')
INSERT [dbo].[FW_ROLE_AUTHORIZATION] ([OID], [ROLE_OID], [MENU_OID]) VALUES (N'0ef43f772bb6446983d74022c748b290', N'003', N'6b701f890efc459f8b6b6cdece58d7c3')
INSERT [dbo].[FW_ROLE_AUTHORIZATION] ([OID], [ROLE_OID], [MENU_OID]) VALUES (N'022261f1b46c4ea1ba658000b3d1e3eb', N'003', N'8c110faf3267446e8f4ae988fa223bad')
INSERT [dbo].[FW_ROLE_AUTHORIZATION] ([OID], [ROLE_OID], [MENU_OID]) VALUES (N'e8246b67c5694715906f4bf619682e34', N'003', N'14365e2b2015405380789b67c499b9ee')
INSERT [dbo].[FW_ROLE_AUTHORIZATION] ([OID], [ROLE_OID], [MENU_OID]) VALUES (N'e621b5ace49d43c3b5f877c758108081', N'003', N'e70db2a1521e4ddb8f30b7dbeaab95ea')
INSERT [dbo].[FW_ROLE_AUTHORIZATION] ([OID], [ROLE_OID], [MENU_OID]) VALUES (N'81383d30883945a695f2d412c73e70e3', N'003', N'8a1655744e1e4476a08f6eefa7a3d1ac')
INSERT [dbo].[FW_ROLE_AUTHORIZATION] ([OID], [ROLE_OID], [MENU_OID]) VALUES (N'8eb6c545c9d94b8ab58d8cd276734974', N'001', N'61097fe4ecef4d399621f244fa25d997')
INSERT [dbo].[FW_ROLE_AUTHORIZATION] ([OID], [ROLE_OID], [MENU_OID]) VALUES (N'41b6228ebc344d26b2139aac44f60413', N'003', N'61097fe4ecef4d399621f244fa25d997')
INSERT [dbo].[FW_ROLE_AUTHORIZATION] ([OID], [ROLE_OID], [MENU_OID]) VALUES (N'7c355f7a561f4fa5ba944c8b76060db8', N'530002-01', N'fb79603b186245449180b0fe06876e1b')
INSERT [dbo].[FW_ROLE_AUTHORIZATION] ([OID], [ROLE_OID], [MENU_OID]) VALUES (N'75f03a6025f54de19a70f748edd84b6d', N'530002-01', N'6b701f890efc459f8b6b6cdece58d7c3')
INSERT [dbo].[FW_ROLE_AUTHORIZATION] ([OID], [ROLE_OID], [MENU_OID]) VALUES (N'3c0f9921bdd447edbdc81fbe138e2661', N'530002-01', N'8c110faf3267446e8f4ae988fa223bad')
INSERT [dbo].[FW_ROLE_AUTHORIZATION] ([OID], [ROLE_OID], [MENU_OID]) VALUES (N'02982ddb62f74e8183a1ffa7c9338b2d', N'530002-01', N'14365e2b2015405380789b67c499b9ee')
INSERT [dbo].[FW_ROLE_AUTHORIZATION] ([OID], [ROLE_OID], [MENU_OID]) VALUES (N'3fd6961fe93b41ccb74f20d4325d638f', N'530002-01', N'e70db2a1521e4ddb8f30b7dbeaab95ea')
INSERT [dbo].[FW_ROLE_AUTHORIZATION] ([OID], [ROLE_OID], [MENU_OID]) VALUES (N'9c3f0d519afc4bd281215fc7ea49f564', N'530002-01', N'8a1655744e1e4476a08f6eefa7a3d1ac')
INSERT [dbo].[FW_ROLE_AUTHORIZATION] ([OID], [ROLE_OID], [MENU_OID]) VALUES (N'ab0b9726372546879f43abedf1a8fc81', N'530002-01', N'61097fe4ecef4d399621f244fa25d997')
INSERT [dbo].[FW_USER_AUTHORIZATION] ([OID], [USER_OID], [ROLE_OID]) VALUES (N'638b693074f944b382217fa85e8afeed', N'admin', N'admin')
INSERT [dbo].[FW_USER_AUTHORIZATION] ([OID], [USER_OID], [ROLE_OID]) VALUES (N'0635ad321d50401db402ee99bf187d30', N'530002', N'530002')
INSERT [dbo].[FW_USER_AUTHORIZATION] ([OID], [USER_OID], [ROLE_OID]) VALUES (N'88d04ad7bbad45559d146dcc6b26ebc7', N'001', N'001')
INSERT [dbo].[FW_USER_AUTHORIZATION] ([OID], [USER_OID], [ROLE_OID]) VALUES (N'9ba5847c04ac42e88d9e89eb4b41a381', N'003', N'003')
INSERT [dbo].[HS_CODE_TYPE] ([OID], [SN], [TYPE_CODE], [TYPE_NAME], [DESCRIPTION]) VALUES (N'BLL_STA', 29, N'BLL_STA', N'账单状态', N'')
INSERT [dbo].[HS_CODE_TYPE] ([OID], [SN], [TYPE_CODE], [TYPE_NAME], [DESCRIPTION]) VALUES (N'CHG_TYP', 21, N'CHG_TYP', N'记账类别', N'')
INSERT [dbo].[HS_CODE_TYPE] ([OID], [SN], [TYPE_CODE], [TYPE_NAME], [DESCRIPTION]) VALUES (N'CRC_TYP', 23, N'CRC_TYP', N'货币种类', N'')
INSERT [dbo].[HS_CODE_TYPE] ([OID], [SN], [TYPE_CODE], [TYPE_NAME], [DESCRIPTION]) VALUES (N'CST_STA', 30, N'CST_STA', N'客户状态', N'')
INSERT [dbo].[HS_CODE_TYPE] ([OID], [SN], [TYPE_CODE], [TYPE_NAME], [DESCRIPTION]) VALUES (N'DRT_STA', 5, N'DRT_STA', N'老师状态', N'')
INSERT [dbo].[HS_CODE_TYPE] ([OID], [SN], [TYPE_CODE], [TYPE_NAME], [DESCRIPTION]) VALUES (N'EIL_STA', 4, N'EIL_STA', N'企业违规状态', N'')
INSERT [dbo].[HS_CODE_TYPE] ([OID], [SN], [TYPE_CODE], [TYPE_NAME], [DESCRIPTION]) VALUES (N'EIL_TYP', 3, N'EIL_TYP', N'企业违规类别', N'')
INSERT [dbo].[HS_CODE_TYPE] ([OID], [SN], [TYPE_CODE], [TYPE_NAME], [DESCRIPTION]) VALUES (N'ENT_STA', 1, N'ENT_STA', N'企业状态', N'')
INSERT [dbo].[HS_CODE_TYPE] ([OID], [SN], [TYPE_CODE], [TYPE_NAME], [DESCRIPTION]) VALUES (N'ENT_TYP', 2, N'ENT_TYP', N'企业类别', N'')
INSERT [dbo].[HS_CODE_TYPE] ([OID], [SN], [TYPE_CODE], [TYPE_NAME], [DESCRIPTION]) VALUES (N'FVR_MOD', 25, N'FVR_MOD', N'优惠方式', N'')
INSERT [dbo].[HS_CODE_TYPE] ([OID], [SN], [TYPE_CODE], [TYPE_NAME], [DESCRIPTION]) VALUES (N'FVR_STA', 26, N'FVR_STA', N'优惠状态', N'')
INSERT [dbo].[HS_CODE_TYPE] ([OID], [SN], [TYPE_CODE], [TYPE_NAME], [DESCRIPTION]) VALUES (N'LCS_TYP', 15, N'LCS_TYP', N'工作认证', N'')
INSERT [dbo].[HS_CODE_TYPE] ([OID], [SN], [TYPE_CODE], [TYPE_NAME], [DESCRIPTION]) VALUES (N'MER_RST', 16, N'MER_RST', N'体检结果', N'')
INSERT [dbo].[HS_CODE_TYPE] ([OID], [SN], [TYPE_CODE], [TYPE_NAME], [DESCRIPTION]) VALUES (N'MSR_UNT', 22, N'MSR_UNT', N'计量单位', N'')
INSERT [dbo].[HS_CODE_TYPE] ([OID], [SN], [TYPE_CODE], [TYPE_NAME], [DESCRIPTION]) VALUES (N'ODR_STA', 27, N'ODR_STA', N'订单状态', N'')
INSERT [dbo].[HS_CODE_TYPE] ([OID], [SN], [TYPE_CODE], [TYPE_NAME], [DESCRIPTION]) VALUES (N'PRS_TYP', 14, N'PRS_TYP', N'亲友关系', N'')
INSERT [dbo].[HS_CODE_TYPE] ([OID], [SN], [TYPE_CODE], [TYPE_NAME], [DESCRIPTION]) VALUES (N'RAT_STA', 24, N'RAT_STA', N'价格状态', N'')
INSERT [dbo].[HS_CODE_TYPE] ([OID], [SN], [TYPE_CODE], [TYPE_NAME], [DESCRIPTION]) VALUES (N'RSD_TYP', 7, N'RSD_TYP', N'户籍类别', N'')
INSERT [dbo].[HS_CODE_TYPE] ([OID], [SN], [TYPE_CODE], [TYPE_NAME], [DESCRIPTION]) VALUES (N'SVS_STA', 20, N'SVS_STA', N'产品状态', N'')
INSERT [dbo].[HS_CODE_TYPE] ([OID], [SN], [TYPE_CODE], [TYPE_NAME], [DESCRIPTION]) VALUES (N'SVS_TYP', 19, N'SVS_TYP', N'产品类别', N'')
INSERT [dbo].[HS_CODE_TYPE] ([OID], [SN], [TYPE_CODE], [TYPE_NAME], [DESCRIPTION]) VALUES (N'WIL_STA', 18, N'WIL_STA', N'人员违规状态', N'')
INSERT [dbo].[HS_CODE_TYPE] ([OID], [SN], [TYPE_CODE], [TYPE_NAME], [DESCRIPTION]) VALUES (N'WIL_TYP', 17, N'WIL_TYP', N'人员违规类别', N'')
INSERT [dbo].[HS_CODE_TYPE] ([OID], [SN], [TYPE_CODE], [TYPE_NAME], [DESCRIPTION]) VALUES (N'WKR_EDU', 9, N'WKR_EDU', N'教育程度', N'')
INSERT [dbo].[HS_CODE_TYPE] ([OID], [SN], [TYPE_CODE], [TYPE_NAME], [DESCRIPTION]) VALUES (N'WKR_LAN', 11, N'WKR_LAN', N'工作语言', N'')
INSERT [dbo].[HS_CODE_TYPE] ([OID], [SN], [TYPE_CODE], [TYPE_NAME], [DESCRIPTION]) VALUES (N'WKR_MRS', 8, N'WKR_MRS', N'婚姻状况', N'')
INSERT [dbo].[HS_CODE_TYPE] ([OID], [SN], [TYPE_CODE], [TYPE_NAME], [DESCRIPTION]) VALUES (N'WKR_SKL', 10, N'WKR_SKL', N'工作技能', N'')
INSERT [dbo].[HS_CODE_TYPE] ([OID], [SN], [TYPE_CODE], [TYPE_NAME], [DESCRIPTION]) VALUES (N'WKR_STA', 6, N'WKR_STA', N'人员状态', N'')
INSERT [dbo].[HS_CODE_TYPE] ([OID], [SN], [TYPE_CODE], [TYPE_NAME], [DESCRIPTION]) VALUES (N'WKR_TOT', 13, N'WKR_TOT', N'接单方式', N'')
INSERT [dbo].[HS_CODE_TYPE] ([OID], [SN], [TYPE_CODE], [TYPE_NAME], [DESCRIPTION]) VALUES (N'WKR_VEH', 12, N'WKR_VEH', N'交通工具', N'')
INSERT [dbo].[HS_CODE_TYPE] ([OID], [SN], [TYPE_CODE], [TYPE_NAME], [DESCRIPTION]) VALUES (N'WST_STA', 28, N'WST_STA', N'工单状态', N'')
INSERT [dbo].[HS_CODE] ([OID], [HS_CODE_TYPE], [ORDER_CODE], [CODE], [CODE_NAME], [FONT_ICON], [IMAGE_ICON], [DESCRIPTION]) VALUES (N'BLL_STA_0', N'BLL_STA', N'000', N'0', N'失效', NULL, NULL, N'')
INSERT [dbo].[HS_CODE] ([OID], [HS_CODE_TYPE], [ORDER_CODE], [CODE], [CODE_NAME], [FONT_ICON], [IMAGE_ICON], [DESCRIPTION]) VALUES (N'BLL_STA_1', N'BLL_STA', N'001', N'1', N'正常', NULL, NULL, N'')
INSERT [dbo].[HS_CODE] ([OID], [HS_CODE_TYPE], [ORDER_CODE], [CODE], [CODE_NAME], [FONT_ICON], [IMAGE_ICON], [DESCRIPTION]) VALUES (N'CHG_TYP_00', N'CHG_TYP', N'000', N'00', N'次', NULL, NULL, N'')
INSERT [dbo].[HS_CODE] ([OID], [HS_CODE_TYPE], [ORDER_CODE], [CODE], [CODE_NAME], [FONT_ICON], [IMAGE_ICON], [DESCRIPTION]) VALUES (N'CHG_TYP_01', N'CHG_TYP', N'001', N'01', N'月', NULL, NULL, N'')
INSERT [dbo].[HS_CODE] ([OID], [HS_CODE_TYPE], [ORDER_CODE], [CODE], [CODE_NAME], [FONT_ICON], [IMAGE_ICON], [DESCRIPTION]) VALUES (N'CRC_TYP_000', N'CRC_TYP', N'000', N'000', N'人民币元', NULL, NULL, N'')
INSERT [dbo].[HS_CODE] ([OID], [HS_CODE_TYPE], [ORDER_CODE], [CODE], [CODE_NAME], [FONT_ICON], [IMAGE_ICON], [DESCRIPTION]) VALUES (N'CRC_TYP_001', N'CRC_TYP', N'001', N'001', N'美元', NULL, NULL, N'')
INSERT [dbo].[HS_CODE] ([OID], [HS_CODE_TYPE], [ORDER_CODE], [CODE], [CODE_NAME], [FONT_ICON], [IMAGE_ICON], [DESCRIPTION]) VALUES (N'CST_STA_0', N'CST_STA', N'000', N'0', N'失效', NULL, NULL, N'')
INSERT [dbo].[HS_CODE] ([OID], [HS_CODE_TYPE], [ORDER_CODE], [CODE], [CODE_NAME], [FONT_ICON], [IMAGE_ICON], [DESCRIPTION]) VALUES (N'CST_STA_1', N'CST_STA', N'001', N'1', N'正常', NULL, NULL, N'')
INSERT [dbo].[HS_CODE] ([OID], [HS_CODE_TYPE], [ORDER_CODE], [CODE], [CODE_NAME], [FONT_ICON], [IMAGE_ICON], [DESCRIPTION]) VALUES (N'DRT_STA_0', N'DRT_STA', N'000', N'0', N'已注销', N'', N'', N'')
INSERT [dbo].[HS_CODE] ([OID], [HS_CODE_TYPE], [ORDER_CODE], [CODE], [CODE_NAME], [FONT_ICON], [IMAGE_ICON], [DESCRIPTION]) VALUES (N'DRT_STA_1', N'DRT_STA', N'001', N'1', N'注册中', N'', N'', N'')
INSERT [dbo].[HS_CODE] ([OID], [HS_CODE_TYPE], [ORDER_CODE], [CODE], [CODE_NAME], [FONT_ICON], [IMAGE_ICON], [DESCRIPTION]) VALUES (N'DRT_STA_2', N'DRT_STA', N'002', N'2', N'工作中', N'', N'', N'')
INSERT [dbo].[HS_CODE] ([OID], [HS_CODE_TYPE], [ORDER_CODE], [CODE], [CODE_NAME], [FONT_ICON], [IMAGE_ICON], [DESCRIPTION]) VALUES (N'DRT_STA_3', N'DRT_STA', N'003', N'3', N'放假中', N'', N'', N'')
INSERT [dbo].[HS_CODE] ([OID], [HS_CODE_TYPE], [ORDER_CODE], [CODE], [CODE_NAME], [FONT_ICON], [IMAGE_ICON], [DESCRIPTION]) VALUES (N'DRT_STA_4', N'DRT_STA', N'004', N'4', N'停职中', N'', N'', N'')
INSERT [dbo].[HS_CODE] ([OID], [HS_CODE_TYPE], [ORDER_CODE], [CODE], [CODE_NAME], [FONT_ICON], [IMAGE_ICON], [DESCRIPTION]) VALUES (N'DRT_STA_9', N'DRT_STA', N'009', N'9', N'异常', N'', N'', N'')
INSERT [dbo].[HS_CODE] ([OID], [HS_CODE_TYPE], [ORDER_CODE], [CODE], [CODE_NAME], [FONT_ICON], [IMAGE_ICON], [DESCRIPTION]) VALUES (N'EIL_STA_00', N'EIL_STA', N'000', N'00', N'结案', NULL, NULL, N'')
INSERT [dbo].[HS_CODE] ([OID], [HS_CODE_TYPE], [ORDER_CODE], [CODE], [CODE_NAME], [FONT_ICON], [IMAGE_ICON], [DESCRIPTION]) VALUES (N'EIL_TYP_00', N'EIL_TYP', N'000', N'00', N'欠薪', NULL, NULL, N'')
INSERT [dbo].[HS_CODE] ([OID], [HS_CODE_TYPE], [ORDER_CODE], [CODE], [CODE_NAME], [FONT_ICON], [IMAGE_ICON], [DESCRIPTION]) VALUES (N'ENT_STA_0', N'ENT_STA', N'000', N'0', N'已注销', N'null', N'null', N'')
INSERT [dbo].[HS_CODE] ([OID], [HS_CODE_TYPE], [ORDER_CODE], [CODE], [CODE_NAME], [FONT_ICON], [IMAGE_ICON], [DESCRIPTION]) VALUES (N'ENT_STA_1', N'ENT_STA', N'001', N'1', N'上传资料中', N'null', N'null', N'')
INSERT [dbo].[HS_CODE] ([OID], [HS_CODE_TYPE], [ORDER_CODE], [CODE], [CODE_NAME], [FONT_ICON], [IMAGE_ICON], [DESCRIPTION]) VALUES (N'ENT_STA_2', N'ENT_STA', N'002', N'2', N'开通服务中', N'', N'', N'')
INSERT [dbo].[HS_CODE] ([OID], [HS_CODE_TYPE], [ORDER_CODE], [CODE], [CODE_NAME], [FONT_ICON], [IMAGE_ICON], [DESCRIPTION]) VALUES (N'ENT_STA_3', N'ENT_STA', N'003', N'3', N'后台审核中', N'', N'', N'')
INSERT [dbo].[HS_CODE] ([OID], [HS_CODE_TYPE], [ORDER_CODE], [CODE], [CODE_NAME], [FONT_ICON], [IMAGE_ICON], [DESCRIPTION]) VALUES (N'ENT_STA_4', N'ENT_STA', N'004', N'4', N'审核已通过', N'', N'', N'')
INSERT [dbo].[HS_CODE] ([OID], [HS_CODE_TYPE], [ORDER_CODE], [CODE], [CODE_NAME], [FONT_ICON], [IMAGE_ICON], [DESCRIPTION]) VALUES (N'ENT_TYP_00', N'ENT_TYP', N'000', N'00', N'服务企业', N'', N'', N'')
INSERT [dbo].[HS_CODE] ([OID], [HS_CODE_TYPE], [ORDER_CODE], [CODE], [CODE_NAME], [FONT_ICON], [IMAGE_ICON], [DESCRIPTION]) VALUES (N'ENT_TYP_01', N'ENT_TYP', N'001', N'01', N'培训企业', N'', N'', N'')
INSERT [dbo].[HS_CODE] ([OID], [HS_CODE_TYPE], [ORDER_CODE], [CODE], [CODE_NAME], [FONT_ICON], [IMAGE_ICON], [DESCRIPTION]) VALUES (N'ENT_TYP_02', N'ENT_TYP', N'002', N'02', N'销售企业', N'', N'', N'')
INSERT [dbo].[HS_CODE] ([OID], [HS_CODE_TYPE], [ORDER_CODE], [CODE], [CODE_NAME], [FONT_ICON], [IMAGE_ICON], [DESCRIPTION]) VALUES (N'FVR_MOD_00', N'FVR_MOD', N'000', N'00', N'满减', NULL, NULL, N'')
INSERT [dbo].[HS_CODE] ([OID], [HS_CODE_TYPE], [ORDER_CODE], [CODE], [CODE_NAME], [FONT_ICON], [IMAGE_ICON], [DESCRIPTION]) VALUES (N'FVR_MOD_01', N'FVR_MOD', N'001', N'01', N'满折', NULL, NULL, N'')
INSERT [dbo].[HS_CODE] ([OID], [HS_CODE_TYPE], [ORDER_CODE], [CODE], [CODE_NAME], [FONT_ICON], [IMAGE_ICON], [DESCRIPTION]) VALUES (N'FVR_MOD_02', N'FVR_MOD', N'002', N'02', N'满送积分', NULL, NULL, N'')
INSERT [dbo].[HS_CODE] ([OID], [HS_CODE_TYPE], [ORDER_CODE], [CODE], [CODE_NAME], [FONT_ICON], [IMAGE_ICON], [DESCRIPTION]) VALUES (N'FVR_MOD_03', N'FVR_MOD', N'003', N'03', N'客户级别减', NULL, NULL, N'')
INSERT [dbo].[HS_CODE] ([OID], [HS_CODE_TYPE], [ORDER_CODE], [CODE], [CODE_NAME], [FONT_ICON], [IMAGE_ICON], [DESCRIPTION]) VALUES (N'FVR_MOD_04', N'FVR_MOD', N'004', N'04', N'客户级别折', NULL, NULL, N'')
INSERT [dbo].[HS_CODE] ([OID], [HS_CODE_TYPE], [ORDER_CODE], [CODE], [CODE_NAME], [FONT_ICON], [IMAGE_ICON], [DESCRIPTION]) VALUES (N'FVR_MOD_05', N'FVR_MOD', N'005', N'05', N'用卷', NULL, NULL, N'')
INSERT [dbo].[HS_CODE] ([OID], [HS_CODE_TYPE], [ORDER_CODE], [CODE], [CODE_NAME], [FONT_ICON], [IMAGE_ICON], [DESCRIPTION]) VALUES (N'FVR_STA_0', N'FVR_STA', N'000', N'0', N'失效', NULL, NULL, N'')
INSERT [dbo].[HS_CODE] ([OID], [HS_CODE_TYPE], [ORDER_CODE], [CODE], [CODE_NAME], [FONT_ICON], [IMAGE_ICON], [DESCRIPTION]) VALUES (N'FVR_STA_1', N'FVR_STA', N'001', N'1', N'正常', NULL, NULL, N'')
INSERT [dbo].[HS_CODE] ([OID], [HS_CODE_TYPE], [ORDER_CODE], [CODE], [CODE_NAME], [FONT_ICON], [IMAGE_ICON], [DESCRIPTION]) VALUES (N'LCS_TYP_00', N'LCS_TYP', N'000', N'00', N'家政服务上岗证', NULL, NULL, N'')
INSERT [dbo].[HS_CODE] ([OID], [HS_CODE_TYPE], [ORDER_CODE], [CODE], [CODE_NAME], [FONT_ICON], [IMAGE_ICON], [DESCRIPTION]) VALUES (N'MER_RST_00', N'MER_RST', N'000', N'00', N'合格', NULL, NULL, N'')
INSERT [dbo].[HS_CODE] ([OID], [HS_CODE_TYPE], [ORDER_CODE], [CODE], [CODE_NAME], [FONT_ICON], [IMAGE_ICON], [DESCRIPTION]) VALUES (N'MER_RST_01', N'MER_RST', N'001', N'01', N'不合格', NULL, NULL, N'')
INSERT [dbo].[HS_CODE] ([OID], [HS_CODE_TYPE], [ORDER_CODE], [CODE], [CODE_NAME], [FONT_ICON], [IMAGE_ICON], [DESCRIPTION]) VALUES (N'MSR_UNT_00', N'MSR_UNT', N'000', N'00', N'次', NULL, NULL, N'')
INSERT [dbo].[HS_CODE] ([OID], [HS_CODE_TYPE], [ORDER_CODE], [CODE], [CODE_NAME], [FONT_ICON], [IMAGE_ICON], [DESCRIPTION]) VALUES (N'MSR_UNT_0000', N'MSR_UNT', N'000000', N'0000', N'人*次', NULL, NULL, N'')
INSERT [dbo].[HS_CODE] ([OID], [HS_CODE_TYPE], [ORDER_CODE], [CODE], [CODE_NAME], [FONT_ICON], [IMAGE_ICON], [DESCRIPTION]) VALUES (N'MSR_UNT_01', N'MSR_UNT', N'001', N'01', N'小时', NULL, NULL, N'')
INSERT [dbo].[HS_CODE] ([OID], [HS_CODE_TYPE], [ORDER_CODE], [CODE], [CODE_NAME], [FONT_ICON], [IMAGE_ICON], [DESCRIPTION]) VALUES (N'MSR_UNT_0100', N'MSR_UNT', N'001000', N'0100', N'人*小时', NULL, NULL, N'')
INSERT [dbo].[HS_CODE] ([OID], [HS_CODE_TYPE], [ORDER_CODE], [CODE], [CODE_NAME], [FONT_ICON], [IMAGE_ICON], [DESCRIPTION]) VALUES (N'MSR_UNT_02', N'MSR_UNT', N'002', N'02', N'周', NULL, NULL, N'')
INSERT [dbo].[HS_CODE] ([OID], [HS_CODE_TYPE], [ORDER_CODE], [CODE], [CODE_NAME], [FONT_ICON], [IMAGE_ICON], [DESCRIPTION]) VALUES (N'MSR_UNT_0200', N'MSR_UNT', N'002000', N'0200', N'人*周', NULL, NULL, N'')
INSERT [dbo].[HS_CODE] ([OID], [HS_CODE_TYPE], [ORDER_CODE], [CODE], [CODE_NAME], [FONT_ICON], [IMAGE_ICON], [DESCRIPTION]) VALUES (N'MSR_UNT_03', N'MSR_UNT', N'003', N'03', N'月', NULL, NULL, N'')
INSERT [dbo].[HS_CODE] ([OID], [HS_CODE_TYPE], [ORDER_CODE], [CODE], [CODE_NAME], [FONT_ICON], [IMAGE_ICON], [DESCRIPTION]) VALUES (N'MSR_UNT_0300', N'MSR_UNT', N'003000', N'0300', N'人*月', NULL, NULL, N'')
INSERT [dbo].[HS_CODE] ([OID], [HS_CODE_TYPE], [ORDER_CODE], [CODE], [CODE_NAME], [FONT_ICON], [IMAGE_ICON], [DESCRIPTION]) VALUES (N'ODR_STA_0', N'ODR_STA', N'000', N'0', N'待接单', N'null', N'null', N'')
INSERT [dbo].[HS_CODE] ([OID], [HS_CODE_TYPE], [ORDER_CODE], [CODE], [CODE_NAME], [FONT_ICON], [IMAGE_ICON], [DESCRIPTION]) VALUES (N'ODR_STA_1', N'ODR_STA', N'001', N'1', N'待上门', N'null', N'null', N'')
INSERT [dbo].[HS_CODE] ([OID], [HS_CODE_TYPE], [ORDER_CODE], [CODE], [CODE_NAME], [FONT_ICON], [IMAGE_ICON], [DESCRIPTION]) VALUES (N'ODR_STA_2', N'ODR_STA', N'002', N'2', N'待评价', N'', N'', N'')
INSERT [dbo].[HS_CODE] ([OID], [HS_CODE_TYPE], [ORDER_CODE], [CODE], [CODE_NAME], [FONT_ICON], [IMAGE_ICON], [DESCRIPTION]) VALUES (N'ODR_STA_3', N'ODR_STA', N'003', N'3', N'待换人', N'', N'', N'')
INSERT [dbo].[HS_CODE] ([OID], [HS_CODE_TYPE], [ORDER_CODE], [CODE], [CODE_NAME], [FONT_ICON], [IMAGE_ICON], [DESCRIPTION]) VALUES (N'ODR_STA_4', N'ODR_STA', N'004', N'4', N'已完成', N'', N'', N'')
INSERT [dbo].[HS_CODE] ([OID], [HS_CODE_TYPE], [ORDER_CODE], [CODE], [CODE_NAME], [FONT_ICON], [IMAGE_ICON], [DESCRIPTION]) VALUES (N'PRS_TYP_00', N'PRS_TYP', N'000', N'00', N'父亲', NULL, NULL, N'')
INSERT [dbo].[HS_CODE] ([OID], [HS_CODE_TYPE], [ORDER_CODE], [CODE], [CODE_NAME], [FONT_ICON], [IMAGE_ICON], [DESCRIPTION]) VALUES (N'PRS_TYP_01', N'PRS_TYP', N'001', N'01', N'母亲', NULL, NULL, N'')
INSERT [dbo].[HS_CODE] ([OID], [HS_CODE_TYPE], [ORDER_CODE], [CODE], [CODE_NAME], [FONT_ICON], [IMAGE_ICON], [DESCRIPTION]) VALUES (N'PRS_TYP_02', N'PRS_TYP', N'002', N'02', N'儿子', NULL, NULL, N'')
INSERT [dbo].[HS_CODE] ([OID], [HS_CODE_TYPE], [ORDER_CODE], [CODE], [CODE_NAME], [FONT_ICON], [IMAGE_ICON], [DESCRIPTION]) VALUES (N'PRS_TYP_03', N'PRS_TYP', N'003', N'03', N'女儿', NULL, NULL, N'')
INSERT [dbo].[HS_CODE] ([OID], [HS_CODE_TYPE], [ORDER_CODE], [CODE], [CODE_NAME], [FONT_ICON], [IMAGE_ICON], [DESCRIPTION]) VALUES (N'PRS_TYP_04', N'PRS_TYP', N'004', N'04', N'哥哥', NULL, NULL, N'')
INSERT [dbo].[HS_CODE] ([OID], [HS_CODE_TYPE], [ORDER_CODE], [CODE], [CODE_NAME], [FONT_ICON], [IMAGE_ICON], [DESCRIPTION]) VALUES (N'PRS_TYP_05', N'PRS_TYP', N'005', N'05', N'姐姐', NULL, NULL, N'')
INSERT [dbo].[HS_CODE] ([OID], [HS_CODE_TYPE], [ORDER_CODE], [CODE], [CODE_NAME], [FONT_ICON], [IMAGE_ICON], [DESCRIPTION]) VALUES (N'PRS_TYP_06', N'PRS_TYP', N'006', N'06', N'弟弟', NULL, NULL, N'')
INSERT [dbo].[HS_CODE] ([OID], [HS_CODE_TYPE], [ORDER_CODE], [CODE], [CODE_NAME], [FONT_ICON], [IMAGE_ICON], [DESCRIPTION]) VALUES (N'PRS_TYP_07', N'PRS_TYP', N'007', N'07', N'妹妹', NULL, NULL, N'')
INSERT [dbo].[HS_CODE] ([OID], [HS_CODE_TYPE], [ORDER_CODE], [CODE], [CODE_NAME], [FONT_ICON], [IMAGE_ICON], [DESCRIPTION]) VALUES (N'PRS_TYP_08', N'PRS_TYP', N'008', N'08', N'叔伯辈', NULL, NULL, N'')
INSERT [dbo].[HS_CODE] ([OID], [HS_CODE_TYPE], [ORDER_CODE], [CODE], [CODE_NAME], [FONT_ICON], [IMAGE_ICON], [DESCRIPTION]) VALUES (N'PRS_TYP_09', N'PRS_TYP', N'009', N'09', N'子侄辈', NULL, NULL, N'')
INSERT [dbo].[HS_CODE] ([OID], [HS_CODE_TYPE], [ORDER_CODE], [CODE], [CODE_NAME], [FONT_ICON], [IMAGE_ICON], [DESCRIPTION]) VALUES (N'PRS_TYP_10', N'PRS_TYP', N'010', N'10', N'同辈堂表兄弟姐妹', NULL, NULL, N'')
INSERT [dbo].[HS_CODE] ([OID], [HS_CODE_TYPE], [ORDER_CODE], [CODE], [CODE_NAME], [FONT_ICON], [IMAGE_ICON], [DESCRIPTION]) VALUES (N'RAT_STA_0', N'RAT_STA', N'000', N'0', N'失效', NULL, NULL, N'')
INSERT [dbo].[HS_CODE] ([OID], [HS_CODE_TYPE], [ORDER_CODE], [CODE], [CODE_NAME], [FONT_ICON], [IMAGE_ICON], [DESCRIPTION]) VALUES (N'RAT_STA_1', N'RAT_STA', N'001', N'1', N'正常', NULL, NULL, N'')
INSERT [dbo].[HS_CODE] ([OID], [HS_CODE_TYPE], [ORDER_CODE], [CODE], [CODE_NAME], [FONT_ICON], [IMAGE_ICON], [DESCRIPTION]) VALUES (N'RSD_TYP_01', N'RSD_TYP', N'001', N'01', N'城镇', N'', N'', N'')
INSERT [dbo].[HS_CODE] ([OID], [HS_CODE_TYPE], [ORDER_CODE], [CODE], [CODE_NAME], [FONT_ICON], [IMAGE_ICON], [DESCRIPTION]) VALUES (N'RSD_TYP_02', N'RSD_TYP', N'002', N'02', N'农村', N'', N'', N'')
INSERT [dbo].[HS_CODE] ([OID], [HS_CODE_TYPE], [ORDER_CODE], [CODE], [CODE_NAME], [FONT_ICON], [IMAGE_ICON], [DESCRIPTION]) VALUES (N'RSD_TYP_非本国居民', N'RSD_TYP', N'000', N'00', N'非本国居民', N'', N'', N'')
INSERT [dbo].[HS_CODE] ([OID], [HS_CODE_TYPE], [ORDER_CODE], [CODE], [CODE_NAME], [FONT_ICON], [IMAGE_ICON], [DESCRIPTION]) VALUES (N'SVS_STA_0', N'SVS_STA', N'000', N'0', N'失效', NULL, NULL, N'')
INSERT [dbo].[HS_CODE] ([OID], [HS_CODE_TYPE], [ORDER_CODE], [CODE], [CODE_NAME], [FONT_ICON], [IMAGE_ICON], [DESCRIPTION]) VALUES (N'SVS_STA_1', N'SVS_STA', N'001', N'1', N'正常', NULL, NULL, N'')
INSERT [dbo].[HS_CODE] ([OID], [HS_CODE_TYPE], [ORDER_CODE], [CODE], [CODE_NAME], [FONT_ICON], [IMAGE_ICON], [DESCRIPTION]) VALUES (N'SVS_TYP_00', N'SVS_TYP', N'000', N'00', N'保洁', N'', N'', N'')
INSERT [dbo].[HS_CODE] ([OID], [HS_CODE_TYPE], [ORDER_CODE], [CODE], [CODE_NAME], [FONT_ICON], [IMAGE_ICON], [DESCRIPTION]) VALUES (N'SVS_TYP_01', N'SVS_TYP', N'001', N'01', N'保姆', N'', N'', N'')
INSERT [dbo].[HS_CODE] ([OID], [HS_CODE_TYPE], [ORDER_CODE], [CODE], [CODE_NAME], [FONT_ICON], [IMAGE_ICON], [DESCRIPTION]) VALUES (N'SVS_TYP_02', N'SVS_TYP', N'002', N'02', N'月嫂', N'', N'', N'')
INSERT [dbo].[HS_CODE] ([OID], [HS_CODE_TYPE], [ORDER_CODE], [CODE], [CODE_NAME], [FONT_ICON], [IMAGE_ICON], [DESCRIPTION]) VALUES (N'SVS_TYP_03', N'SVS_TYP', N'003', N'03', N'家教', N'', N'', N'')
INSERT [dbo].[HS_CODE] ([OID], [HS_CODE_TYPE], [ORDER_CODE], [CODE], [CODE_NAME], [FONT_ICON], [IMAGE_ICON], [DESCRIPTION]) VALUES (N'SVS_TYP_04', N'SVS_TYP', N'004', N'04', N'维修', N'', N'', N'')
INSERT [dbo].[HS_CODE] ([OID], [HS_CODE_TYPE], [ORDER_CODE], [CODE], [CODE_NAME], [FONT_ICON], [IMAGE_ICON], [DESCRIPTION]) VALUES (N'WIL_STA_00', N'WIL_STA', N'000', N'00', N'结案', NULL, NULL, N'')
INSERT [dbo].[HS_CODE] ([OID], [HS_CODE_TYPE], [ORDER_CODE], [CODE], [CODE_NAME], [FONT_ICON], [IMAGE_ICON], [DESCRIPTION]) VALUES (N'WIL_TYP_00', N'WIL_TYP', N'000', N'00', N'迟到', NULL, NULL, N'')
INSERT [dbo].[HS_CODE] ([OID], [HS_CODE_TYPE], [ORDER_CODE], [CODE], [CODE_NAME], [FONT_ICON], [IMAGE_ICON], [DESCRIPTION]) VALUES (N'WKR_EDU_00', N'WKR_EDU', N'000', N'00', N'无', N'', N'', N'')
INSERT [dbo].[HS_CODE] ([OID], [HS_CODE_TYPE], [ORDER_CODE], [CODE], [CODE_NAME], [FONT_ICON], [IMAGE_ICON], [DESCRIPTION]) VALUES (N'WKR_EDU_01', N'WKR_EDU', N'001', N'01', N'小学', N'', N'', N'')
INSERT [dbo].[HS_CODE] ([OID], [HS_CODE_TYPE], [ORDER_CODE], [CODE], [CODE_NAME], [FONT_ICON], [IMAGE_ICON], [DESCRIPTION]) VALUES (N'WKR_EDU_02', N'WKR_EDU', N'002', N'02', N'初中', N'', N'', N'')
INSERT [dbo].[HS_CODE] ([OID], [HS_CODE_TYPE], [ORDER_CODE], [CODE], [CODE_NAME], [FONT_ICON], [IMAGE_ICON], [DESCRIPTION]) VALUES (N'WKR_EDU_03', N'WKR_EDU', N'003', N'03', N'高中', N'', N'', N'')
INSERT [dbo].[HS_CODE] ([OID], [HS_CODE_TYPE], [ORDER_CODE], [CODE], [CODE_NAME], [FONT_ICON], [IMAGE_ICON], [DESCRIPTION]) VALUES (N'WKR_EDU_04', N'WKR_EDU', N'004', N'04', N'中职', N'', N'', N'')
INSERT [dbo].[HS_CODE] ([OID], [HS_CODE_TYPE], [ORDER_CODE], [CODE], [CODE_NAME], [FONT_ICON], [IMAGE_ICON], [DESCRIPTION]) VALUES (N'WKR_EDU_05', N'WKR_EDU', N'005', N'05', N'高职', N'', N'', N'')
INSERT [dbo].[HS_CODE] ([OID], [HS_CODE_TYPE], [ORDER_CODE], [CODE], [CODE_NAME], [FONT_ICON], [IMAGE_ICON], [DESCRIPTION]) VALUES (N'WKR_EDU_06', N'WKR_EDU', N'006', N'06', N'大专', N'', N'', N'')
INSERT [dbo].[HS_CODE] ([OID], [HS_CODE_TYPE], [ORDER_CODE], [CODE], [CODE_NAME], [FONT_ICON], [IMAGE_ICON], [DESCRIPTION]) VALUES (N'WKR_EDU_07', N'WKR_EDU', N'007', N'07', N'大学', N'', N'', N'')
INSERT [dbo].[HS_CODE] ([OID], [HS_CODE_TYPE], [ORDER_CODE], [CODE], [CODE_NAME], [FONT_ICON], [IMAGE_ICON], [DESCRIPTION]) VALUES (N'WKR_EDU_08', N'WKR_EDU', N'008', N'08', N'硕士', N'', N'', N'')
INSERT [dbo].[HS_CODE] ([OID], [HS_CODE_TYPE], [ORDER_CODE], [CODE], [CODE_NAME], [FONT_ICON], [IMAGE_ICON], [DESCRIPTION]) VALUES (N'WKR_EDU_09', N'WKR_EDU', N'009', N'09', N'博士', N'', N'', N'')
INSERT [dbo].[HS_CODE] ([OID], [HS_CODE_TYPE], [ORDER_CODE], [CODE], [CODE_NAME], [FONT_ICON], [IMAGE_ICON], [DESCRIPTION]) VALUES (N'WKR_LAN_00', N'WKR_LAN', N'000', N'00', N'英语', NULL, NULL, N'')
INSERT [dbo].[HS_CODE] ([OID], [HS_CODE_TYPE], [ORDER_CODE], [CODE], [CODE_NAME], [FONT_ICON], [IMAGE_ICON], [DESCRIPTION]) VALUES (N'WKR_LAN_0000', N'WKR_LAN', N'000000', N'0000', N'普通话', NULL, NULL, N'')
INSERT [dbo].[HS_CODE] ([OID], [HS_CODE_TYPE], [ORDER_CODE], [CODE], [CODE_NAME], [FONT_ICON], [IMAGE_ICON], [DESCRIPTION]) VALUES (N'WKR_LAN_0001', N'WKR_LAN', N'000001', N'0001', N'粤话', NULL, NULL, N'')
INSERT [dbo].[HS_CODE] ([OID], [HS_CODE_TYPE], [ORDER_CODE], [CODE], [CODE_NAME], [FONT_ICON], [IMAGE_ICON], [DESCRIPTION]) VALUES (N'WKR_LAN_0002', N'WKR_LAN', N'000000', N'0002', N'桂柳话', NULL, NULL, N'')
INSERT [dbo].[HS_CODE] ([OID], [HS_CODE_TYPE], [ORDER_CODE], [CODE], [CODE_NAME], [FONT_ICON], [IMAGE_ICON], [DESCRIPTION]) VALUES (N'WKR_LAN_0003', N'WKR_LAN', N'000000', N'0003', N'越南语', NULL, NULL, N'')
INSERT [dbo].[HS_CODE] ([OID], [HS_CODE_TYPE], [ORDER_CODE], [CODE], [CODE_NAME], [FONT_ICON], [IMAGE_ICON], [DESCRIPTION]) VALUES (N'WKR_MRS_00', N'WKR_MRS', N'000', N'00', N'未婚', N'', N'', N'')
INSERT [dbo].[HS_CODE] ([OID], [HS_CODE_TYPE], [ORDER_CODE], [CODE], [CODE_NAME], [FONT_ICON], [IMAGE_ICON], [DESCRIPTION]) VALUES (N'WKR_MRS_01', N'WKR_MRS', N'001', N'01', N'已婚', N'', N'', N'')
INSERT [dbo].[HS_CODE] ([OID], [HS_CODE_TYPE], [ORDER_CODE], [CODE], [CODE_NAME], [FONT_ICON], [IMAGE_ICON], [DESCRIPTION]) VALUES (N'WKR_MRS_02', N'WKR_MRS', N'002', N'02', N'离婚', N'', N'', N'')
INSERT [dbo].[HS_CODE] ([OID], [HS_CODE_TYPE], [ORDER_CODE], [CODE], [CODE_NAME], [FONT_ICON], [IMAGE_ICON], [DESCRIPTION]) VALUES (N'WKR_MRS_03', N'WKR_MRS', N'003', N'03', N'再婚', N'', N'', N'')
INSERT [dbo].[HS_CODE] ([OID], [HS_CODE_TYPE], [ORDER_CODE], [CODE], [CODE_NAME], [FONT_ICON], [IMAGE_ICON], [DESCRIPTION]) VALUES (N'WKR_SKL_00', N'WKR_SKL', N'000', N'00', N'家庭保洁', NULL, NULL, N'')
INSERT [dbo].[HS_CODE] ([OID], [HS_CODE_TYPE], [ORDER_CODE], [CODE], [CODE_NAME], [FONT_ICON], [IMAGE_ICON], [DESCRIPTION]) VALUES (N'WKR_STA_0', N'WKR_STA', N'000', N'0', N'工作中', N'null', N'null', N'')
INSERT [dbo].[HS_CODE] ([OID], [HS_CODE_TYPE], [ORDER_CODE], [CODE], [CODE_NAME], [FONT_ICON], [IMAGE_ICON], [DESCRIPTION]) VALUES (N'WKR_STA_1', N'WKR_STA', N'001', N'1', N'待业中', N'null', N'null', N'')
INSERT [dbo].[HS_CODE] ([OID], [HS_CODE_TYPE], [ORDER_CODE], [CODE], [CODE_NAME], [FONT_ICON], [IMAGE_ICON], [DESCRIPTION]) VALUES (N'WKR_STA_2', N'WKR_STA', N'002', N'2', N'培训中', N'', N'', N'')
INSERT [dbo].[HS_CODE] ([OID], [HS_CODE_TYPE], [ORDER_CODE], [CODE], [CODE_NAME], [FONT_ICON], [IMAGE_ICON], [DESCRIPTION]) VALUES (N'WKR_STA_3', N'WKR_STA', N'003', N'3', N'休假', N'', N'', N'')
INSERT [dbo].[HS_CODE] ([OID], [HS_CODE_TYPE], [ORDER_CODE], [CODE], [CODE_NAME], [FONT_ICON], [IMAGE_ICON], [DESCRIPTION]) VALUES (N'WKR_STA_4', N'WKR_STA', N'004', N'4', N'黑名单', N'', N'', N'')
INSERT [dbo].[HS_CODE] ([OID], [HS_CODE_TYPE], [ORDER_CODE], [CODE], [CODE_NAME], [FONT_ICON], [IMAGE_ICON], [DESCRIPTION]) VALUES (N'WKR_STA_9', N'WKR_STA', N'009', N'9', N'异常', N'', N'', N'')
INSERT [dbo].[HS_CODE] ([OID], [HS_CODE_TYPE], [ORDER_CODE], [CODE], [CODE_NAME], [FONT_ICON], [IMAGE_ICON], [DESCRIPTION]) VALUES (N'WKR_TOT_01', N'WKR_TOT', N'001', N'01', N'接受派单', N'', N'', N'')
GO
INSERT [dbo].[HS_CODE] ([OID], [HS_CODE_TYPE], [ORDER_CODE], [CODE], [CODE_NAME], [FONT_ICON], [IMAGE_ICON], [DESCRIPTION]) VALUES (N'WKR_TOT_02', N'WKR_TOT', N'002', N'02', N'自主抢单', N'', N'', N'')
INSERT [dbo].[HS_CODE] ([OID], [HS_CODE_TYPE], [ORDER_CODE], [CODE], [CODE_NAME], [FONT_ICON], [IMAGE_ICON], [DESCRIPTION]) VALUES (N'WKR_VEH_00', N'WKR_VEH', N'000', N'00', N'步行', N'', N'', N'')
INSERT [dbo].[HS_CODE] ([OID], [HS_CODE_TYPE], [ORDER_CODE], [CODE], [CODE_NAME], [FONT_ICON], [IMAGE_ICON], [DESCRIPTION]) VALUES (N'WKR_VEH_01', N'WKR_VEH', N'001', N'01', N'公交', N'', N'', N'')
INSERT [dbo].[HS_CODE] ([OID], [HS_CODE_TYPE], [ORDER_CODE], [CODE], [CODE_NAME], [FONT_ICON], [IMAGE_ICON], [DESCRIPTION]) VALUES (N'WKR_VEH_02', N'WKR_VEH', N'002', N'02', N'自行车', N'', N'', N'')
INSERT [dbo].[HS_CODE] ([OID], [HS_CODE_TYPE], [ORDER_CODE], [CODE], [CODE_NAME], [FONT_ICON], [IMAGE_ICON], [DESCRIPTION]) VALUES (N'WKR_VEH_03', N'WKR_VEH', N'003', N'03', N'电单车', N'', N'', N'')
INSERT [dbo].[HS_CODE] ([OID], [HS_CODE_TYPE], [ORDER_CODE], [CODE], [CODE_NAME], [FONT_ICON], [IMAGE_ICON], [DESCRIPTION]) VALUES (N'WKR_VEH_04', N'WKR_VEH', N'004', N'04', N'摩托车', N'', N'', N'')
INSERT [dbo].[HS_CODE] ([OID], [HS_CODE_TYPE], [ORDER_CODE], [CODE], [CODE_NAME], [FONT_ICON], [IMAGE_ICON], [DESCRIPTION]) VALUES (N'WKR_VEH_05', N'WKR_VEH', N'005', N'05', N'私人汽车', N'', N'', N'')
INSERT [dbo].[HS_CODE] ([OID], [HS_CODE_TYPE], [ORDER_CODE], [CODE], [CODE_NAME], [FONT_ICON], [IMAGE_ICON], [DESCRIPTION]) VALUES (N'WST_STA_0', N'WST_STA', N'000', N'0', N'失效', NULL, NULL, N'')
INSERT [dbo].[HS_CODE] ([OID], [HS_CODE_TYPE], [ORDER_CODE], [CODE], [CODE_NAME], [FONT_ICON], [IMAGE_ICON], [DESCRIPTION]) VALUES (N'WST_STA_1', N'WST_STA', N'001', N'1', N'正常', NULL, NULL, N'')
INSERT [dbo].[HS_CUSTOMER] ([OID], [OWNER], [CERT_TYPE], [CERT_CODE], [NAME], [SEX], [BIRTHDAY], [NATIONALITY], [NATIVE_AREA], [NATIVE_ADDRESS], [NATIVE_PHONE], [WORKPLACE_NATION], [WORKPLACE_AREA], [WORKPLACE_ADDRESS], [WORKPLACE_PHONE], [PROFFESION], [NOTE], [CREATE_TIME], [FULL_TEXT]) VALUES (N'0a2d446d84394413b5634a2a9462ae88', NULL, N'00', N'', N'刘亚', N'0', CAST(N'1900-01-01' AS Date), N'', N'', N'', N'', N'', N'', N'广西南宁青秀区长湖路昊天广场A座23楼29号房', N'17776669999', N'', N'', CAST(N'2019-06-30 20:29:08.483' AS DateTime), N'')
INSERT [dbo].[HS_CUSTOMER] ([OID], [OWNER], [CERT_TYPE], [CERT_CODE], [NAME], [SEX], [BIRTHDAY], [NATIONALITY], [NATIVE_AREA], [NATIVE_ADDRESS], [NATIVE_PHONE], [WORKPLACE_NATION], [WORKPLACE_AREA], [WORKPLACE_ADDRESS], [WORKPLACE_PHONE], [PROFFESION], [NOTE], [CREATE_TIME], [FULL_TEXT]) VALUES (N'2ab145e00873480b824dfe25c5aa5994', NULL, N'00', N'', N'张三', N'1', CAST(N'1900-01-01' AS Date), N'', N'', N'', N'', N'', N'', N'', N'', N'', N'', CAST(N'2019-06-30 20:27:53.870' AS DateTime), N'')
INSERT [dbo].[HS_CUSTOMER] ([OID], [OWNER], [CERT_TYPE], [CERT_CODE], [NAME], [SEX], [BIRTHDAY], [NATIONALITY], [NATIVE_AREA], [NATIVE_ADDRESS], [NATIVE_PHONE], [WORKPLACE_NATION], [WORKPLACE_AREA], [WORKPLACE_ADDRESS], [WORKPLACE_PHONE], [PROFFESION], [NOTE], [CREATE_TIME], [FULL_TEXT]) VALUES (N'576c885990374d389b94a44b3484e867', NULL, N'00', N'', N'王海', N'1', CAST(N'1900-01-01' AS Date), N'', N'', N'', N'#NATIVE_PHONE#', N'', N'', N'', N'', N'', N'', CAST(N'2019-06-30 20:14:39.407' AS DateTime), N'')
INSERT [dbo].[HS_CUSTOMER] ([OID], [OWNER], [CERT_TYPE], [CERT_CODE], [NAME], [SEX], [BIRTHDAY], [NATIONALITY], [NATIVE_AREA], [NATIVE_ADDRESS], [NATIVE_PHONE], [WORKPLACE_NATION], [WORKPLACE_AREA], [WORKPLACE_ADDRESS], [WORKPLACE_PHONE], [PROFFESION], [NOTE], [CREATE_TIME], [FULL_TEXT]) VALUES (N'5fe1ca65308743a49c6c2cb68ecc263d', NULL, N'00', N'', N'李四', N'1', CAST(N'1900-01-01' AS Date), N'', N'', N'', N'', N'', N'', N'', N'', N'', N'', CAST(N'2019-06-30 20:28:45.057' AS DateTime), N'')
INSERT [dbo].[HS_CUSTOMER] ([OID], [OWNER], [CERT_TYPE], [CERT_CODE], [NAME], [SEX], [BIRTHDAY], [NATIONALITY], [NATIVE_AREA], [NATIVE_ADDRESS], [NATIVE_PHONE], [WORKPLACE_NATION], [WORKPLACE_AREA], [WORKPLACE_ADDRESS], [WORKPLACE_PHONE], [PROFFESION], [NOTE], [CREATE_TIME], [FULL_TEXT]) VALUES (N'7a3726c7985841b5a0859971938593d4', NULL, N'00', N'', N'陈诚', N'1', CAST(N'1900-01-01' AS Date), N'', N'', N'', N'#NATIVE_PHONE#', N'', N'', N'', N'', N'', N'', CAST(N'2019-06-30 20:12:14.553' AS DateTime), N'')
INSERT [dbo].[HS_CUSTOMER] ([OID], [OWNER], [CERT_TYPE], [CERT_CODE], [NAME], [SEX], [BIRTHDAY], [NATIONALITY], [NATIVE_AREA], [NATIVE_ADDRESS], [NATIVE_PHONE], [WORKPLACE_NATION], [WORKPLACE_AREA], [WORKPLACE_ADDRESS], [WORKPLACE_PHONE], [PROFFESION], [NOTE], [CREATE_TIME], [FULL_TEXT]) VALUES (N'ff232707846e4c8bbcb0e246d9c0c189', NULL, N'00', N'', N'肖肖', N'0', CAST(N'1900-01-01' AS Date), N'', N'', N'', N'#NATIVE_PHONE#', N'', N'', N'', N'', N'', N'', CAST(N'2019-06-30 19:40:04.057' AS DateTime), N'')
INSERT [dbo].[HS_SERVICE] ([OID], [OWNER], [SERVICE_TYPE], [ANOTHER_NAMER], [SERVICE_DESC], [START_TIME], [END_TIME], [NOTE], [STATUS], [CREATE_TIME], [FULL_TEXT]) VALUES (N'08045af4ec0d42288cd45c147b968722', N'', N'00', N'装修开荒', N'的是飞机轮粉色的符合东方；啊所说的话反辐射地方函数返回
    撒犯得上反对法国豆腐干豆腐干岁的
的发生飞洒发生的fsfsd', CAST(N'2019-08-02 10:38:00.000' AS DateTime), CAST(N'2019-08-02 10:38:00.000' AS DateTime), N'', N'', CAST(N'2019-08-02 10:38:59.267' AS DateTime), N'')
INSERT [dbo].[HS_SERVICE] ([OID], [OWNER], [SERVICE_TYPE], [ANOTHER_NAMER], [SERVICE_DESC], [START_TIME], [END_TIME], [NOTE], [STATUS], [CREATE_TIME], [FULL_TEXT]) VALUES (N'113de1d81ef444a78439b12a40990edc', N'', N'02', N'普通月嫂', N'', CAST(N'2019-08-02 17:48:00.000' AS DateTime), CAST(N'2019-08-02 17:48:00.000' AS DateTime), N'', N'', CAST(N'2019-08-02 17:48:22.893' AS DateTime), N'')
INSERT [dbo].[HS_SERVICE] ([OID], [OWNER], [SERVICE_TYPE], [ANOTHER_NAMER], [SERVICE_DESC], [START_TIME], [END_TIME], [NOTE], [STATUS], [CREATE_TIME], [FULL_TEXT]) VALUES (N'ad6d3a57f6da472d986a74fed3c9d7ec', N'', N'00', N'家庭保洁', N'当时的方法算法算法撒

的发生沙发沙发沙发沙发上', CAST(N'2019-07-31 10:12:00.000' AS DateTime), CAST(N'2099-07-31 10:12:00.000' AS DateTime), N'', N'', CAST(N'2019-07-31 10:12:09.790' AS DateTime), N'')
INSERT [dbo].[HS_SERVICE] ([OID], [OWNER], [SERVICE_TYPE], [ANOTHER_NAMER], [SERVICE_DESC], [START_TIME], [END_TIME], [NOTE], [STATUS], [CREATE_TIME], [FULL_TEXT]) VALUES (N'b0926407f38d421d9b4644ebe04c3a53', N'', N'00', N'企业保洁', N'', CAST(N'2019-08-13 16:38:00.000' AS DateTime), CAST(N'2019-08-13 16:38:00.000' AS DateTime), N'', N'', CAST(N'2019-08-13 16:38:19.800' AS DateTime), N'')
INSERT [dbo].[HS_SERVICE] ([OID], [OWNER], [SERVICE_TYPE], [ANOTHER_NAMER], [SERVICE_DESC], [START_TIME], [END_TIME], [NOTE], [STATUS], [CREATE_TIME], [FULL_TEXT]) VALUES (N'cb1a39a41fd34714a94df89199664dc9', N'', N'01', N'住家保姆', N'', CAST(N'2019-08-02 17:46:00.000' AS DateTime), CAST(N'2019-08-02 17:46:00.000' AS DateTime), N'', N'', CAST(N'2019-08-02 17:46:33.647' AS DateTime), N'')
INSERT [dbo].[HS_SERVICE] ([OID], [OWNER], [SERVICE_TYPE], [ANOTHER_NAMER], [SERVICE_DESC], [START_TIME], [END_TIME], [NOTE], [STATUS], [CREATE_TIME], [FULL_TEXT]) VALUES (N'fd08ea8db0f1474d8a711a3b656929ef', N'', N'03', N'语文家教', N'', CAST(N'2019-08-02 17:49:00.000' AS DateTime), CAST(N'2019-08-02 17:49:00.000' AS DateTime), N'', N'', CAST(N'2019-08-02 17:49:19.963' AS DateTime), N'')
INSERT [dbo].[HS_ORDER] ([OID], [HS_SERVICE], [HS_CUTOMER], [ORDER_TIME], [START_TIME_P], [END_TIME_P], [SERVICE_ADDRESS], [SERVICE_NEEDS], [ACCEP_TIME], [ACCEPTOR_NUM], [ACCEPTOR_NAME], [ACCEPTOR_TEL], [DISPATCH_TIME], [CONFIRM_TIME], [START_TIME_A], [END_TIME_A], [CANCEL_TIME], [CANCEL_RESON], [NOTE], [STATUS], [FULL_TEXT]) VALUES (N'ad6d3a57f6da472d986a74fed3c9d7ec', N'ad6d3a57f6da472d986a74fed3c9d7ec', N'0a2d446d84394413b5634a2a9462ae88', CAST(N'2019-07-31 10:12:00.000' AS DateTime), CAST(N'2019-08-08 11:33:36.000' AS DateTime), CAST(N'2019-07-31 10:12:00.000' AS DateTime), N'null', N'null', NULL, N'd06c7caced9a488483f3492a3105d569', N'李琼', N'18607816066', CAST(N'2019-08-02 16:34:45.000' AS DateTime), NULL, NULL, NULL, NULL, N'null', N'2', N'ODR_STA_3', N'null')
INSERT [dbo].[HS_ORDER] ([OID], [HS_SERVICE], [HS_CUTOMER], [ORDER_TIME], [START_TIME_P], [END_TIME_P], [SERVICE_ADDRESS], [SERVICE_NEEDS], [ACCEP_TIME], [ACCEPTOR_NUM], [ACCEPTOR_NAME], [ACCEPTOR_TEL], [DISPATCH_TIME], [CONFIRM_TIME], [START_TIME_A], [END_TIME_A], [CANCEL_TIME], [CANCEL_RESON], [NOTE], [STATUS], [FULL_TEXT]) VALUES (N'dqweqw', N'ad6d3a57f6da472d986a74fed3c9d7ec', N'576c885990374d389b94a44b3484e867', CAST(N'2019-07-31 10:12:00.000' AS DateTime), CAST(N'2019-08-03 11:33:36.000' AS DateTime), NULL, NULL, NULL, NULL, N'0d102d4c8a9f43d1a39b87591d923ce7', N'李静', N'18077777559', CAST(N'2019-08-09 11:12:35.000' AS DateTime), NULL, NULL, NULL, NULL, NULL, N'2', N'ODR_STA_1', NULL)
INSERT [dbo].[HS_ENTERPRISE] ([OID], [OWNER], [LICENCE_PIC], [CREDIT_CODE], [REGION_CODE], [NAME], [MASTER_TYPE], [REGISTERED_CAPITAL], [REGIST_DATE], [BUSINESS_TERM], [REGISTRATION_AUTHORITY], [REGISTERED_ADDRESS], [BUSINESS_SCOPE], [LEGAL_PERSON], [LP_CERT_TYPE], [LP_CERT_CODE], [LP_CERT_PIC_A], [LP_CERT_PIC_B], [BANK], [SUBBANK], [BANK_ACCOUNT], [INVOICE_CODE], [POST], [EMAIL], [TEL], [NOTE], [STATUS], [LON], [LAT], [ACCOUNT], [PASSWORD], [MOBILE], [FULL_TEXT]) VALUES (N'05cc3c3d50f14104848f421a5db8aba3', N'', N'/app_data/HSBOSS/AFS/2019/0812/1502/05cc3c3d50f14104848f421a5db8aba3.png', N'', N'4501', N'新注册企业', N'', CAST(0.000 AS Numeric(10, 3)), CAST(N'1900-01-01' AS Date), N'', N'', N'', N'', N'', N'undefined', N'', N'/app_data/HSBOSS/AFS/2019/0812/1510/05cc3c3d50f14104848f421a5db8aba3_A.jpg', N'/app_data/HSBOSS/AFS/2019/0812/1510/05cc3c3d50f14104848f421a5db8aba3_B.jpg', N'', N'', N'', N'', N'', N'', N'', N'', N'1', N'', N'', N'13788495755', N'670046408', N'', N'')
INSERT [dbo].[HS_ENTERPRISE] ([OID], [OWNER], [LICENCE_PIC], [CREDIT_CODE], [REGION_CODE], [NAME], [MASTER_TYPE], [REGISTERED_CAPITAL], [REGIST_DATE], [BUSINESS_TERM], [REGISTRATION_AUTHORITY], [REGISTERED_ADDRESS], [BUSINESS_SCOPE], [LEGAL_PERSON], [LP_CERT_TYPE], [LP_CERT_CODE], [LP_CERT_PIC_A], [LP_CERT_PIC_B], [BANK], [SUBBANK], [BANK_ACCOUNT], [INVOICE_CODE], [POST], [EMAIL], [TEL], [NOTE], [STATUS], [LON], [LAT], [ACCOUNT], [PASSWORD], [MOBILE], [FULL_TEXT]) VALUES (N'06ae121056a44103a8bb0f3167032855', N'', N'/app_data/HSBOSS/AFS/2019/0813/1159/06ae121056a44103a8bb0f3167032855.jpg', N'91450103075229504F', N'4501', N'南宁市章鱼软创科技有限公司', N'00', CAST(0.000 AS Numeric(10, 3)), CAST(N'1900-01-01' AS Date), N'', N'', N'', N'', N'李静', N'', N'450122198412016548', N'/app_data/HSBOSS/AFS/2019/0813/1200/06ae121056a44103a8bb0f3167032855_A.jpg', N'/app_data/HSBOSS/AFS/2019/0813/1200/06ae121056a44103a8bb0f3167032855_B.jpg', N'桂林银行', N'桂林银行', N'356787', N'rt?yui', N'', N'', N'', N'', N'2', N'', N'', N'18077777559', N'123', N'', N'')
INSERT [dbo].[HS_ENTERPRISE] ([OID], [OWNER], [LICENCE_PIC], [CREDIT_CODE], [REGION_CODE], [NAME], [MASTER_TYPE], [REGISTERED_CAPITAL], [REGIST_DATE], [BUSINESS_TERM], [REGISTRATION_AUTHORITY], [REGISTERED_ADDRESS], [BUSINESS_SCOPE], [LEGAL_PERSON], [LP_CERT_TYPE], [LP_CERT_CODE], [LP_CERT_PIC_A], [LP_CERT_PIC_B], [BANK], [SUBBANK], [BANK_ACCOUNT], [INVOICE_CODE], [POST], [EMAIL], [TEL], [NOTE], [STATUS], [LON], [LAT], [ACCOUNT], [PASSWORD], [MOBILE], [FULL_TEXT]) VALUES (N'09aba5d9d76146c0b4f3956f2c0d5117', N'', N'', N'', N'', N'新注册企业', N'', CAST(0.000 AS Numeric(10, 3)), CAST(N'1900-01-01' AS Date), N'', N'', N'', N'', N'', N'', N'', N'', N'', N'', N'', N'', N'', N'', N'', N'', N'', N'1', N'', N'', N'18607819909', N'123', N'', N'')
INSERT [dbo].[HS_ENTERPRISE] ([OID], [OWNER], [LICENCE_PIC], [CREDIT_CODE], [REGION_CODE], [NAME], [MASTER_TYPE], [REGISTERED_CAPITAL], [REGIST_DATE], [BUSINESS_TERM], [REGISTRATION_AUTHORITY], [REGISTERED_ADDRESS], [BUSINESS_SCOPE], [LEGAL_PERSON], [LP_CERT_TYPE], [LP_CERT_CODE], [LP_CERT_PIC_A], [LP_CERT_PIC_B], [BANK], [SUBBANK], [BANK_ACCOUNT], [INVOICE_CODE], [POST], [EMAIL], [TEL], [NOTE], [STATUS], [LON], [LAT], [ACCOUNT], [PASSWORD], [MOBILE], [FULL_TEXT]) VALUES (N'1867d49ff6454bde8e67be6acdfeef31', N'', N'/app_data/HSBOSS/AFS/2019/0809/1531/1867d49ff6454bde8e67be6acdfeef31.jpg', N'91450703MA5KDT1J61', N'45', N'广西安好家政服务有限公司', N'00', CAST(0.000 AS Numeric(10, 3)), CAST(N'1900-01-01' AS Date), N'', N'', N'', N'', N'卿荣平', N'undefined', N'452629199008171532', N'/app_data/HSBOSS/AFS/2019/0812/1537/1867d49ff6454bde8e67be6acdfeef31_A.jpg', N'/app_data/HSBOSS/AFS/2019/0812/1538/1867d49ff6454bde8e67be6acdfeef31_B.jpg', N'中信银行', N'中信银行股份有限公司钦州分行', N'8113001014200044210', N'', N'', N'', N'', N'', N'4', N'', N'', N'15077607311', N'246437', N'', N'')
INSERT [dbo].[HS_ENTERPRISE] ([OID], [OWNER], [LICENCE_PIC], [CREDIT_CODE], [REGION_CODE], [NAME], [MASTER_TYPE], [REGISTERED_CAPITAL], [REGIST_DATE], [BUSINESS_TERM], [REGISTRATION_AUTHORITY], [REGISTERED_ADDRESS], [BUSINESS_SCOPE], [LEGAL_PERSON], [LP_CERT_TYPE], [LP_CERT_CODE], [LP_CERT_PIC_A], [LP_CERT_PIC_B], [BANK], [SUBBANK], [BANK_ACCOUNT], [INVOICE_CODE], [POST], [EMAIL], [TEL], [NOTE], [STATUS], [LON], [LAT], [ACCOUNT], [PASSWORD], [MOBILE], [FULL_TEXT]) VALUES (N'5b55fb8052ab4d2185172349e646af92', N'', N'', N'', N'', N'新注册企业', N'', CAST(0.000 AS Numeric(10, 3)), CAST(N'1900-01-01' AS Date), N'', N'', N'', N'', N'', N'', N'', N'', N'', N'', N'', N'', N'', N'', N'', N'', N'', N'1', N'', N'', N'', N'new', N'', N'')
INSERT [dbo].[HS_ENTERPRISE] ([OID], [OWNER], [LICENCE_PIC], [CREDIT_CODE], [REGION_CODE], [NAME], [MASTER_TYPE], [REGISTERED_CAPITAL], [REGIST_DATE], [BUSINESS_TERM], [REGISTRATION_AUTHORITY], [REGISTERED_ADDRESS], [BUSINESS_SCOPE], [LEGAL_PERSON], [LP_CERT_TYPE], [LP_CERT_CODE], [LP_CERT_PIC_A], [LP_CERT_PIC_B], [BANK], [SUBBANK], [BANK_ACCOUNT], [INVOICE_CODE], [POST], [EMAIL], [TEL], [NOTE], [STATUS], [LON], [LAT], [ACCOUNT], [PASSWORD], [MOBILE], [FULL_TEXT]) VALUES (N'69137465fd98477b9a3f1b7453f28ef3', N'', N'/app_data/HSBOSS/AFS/2019/0809/1445/69137465fd98477b9a3f1b7453f28ef3.jpg', N'452222220777', N'4501', N'平顶山巾通电子商务有限公司', N'00', CAST(0.000 AS Numeric(10, 3)), CAST(N'1900-01-01' AS Date), N'', N'', N'', N'', N'刘上达', N'undefined', N'45070219891019001X', N'/app_data/HSBOSS/AFS/2019/0809/1448/69137465fd98477b9a3f1b7453f28ef3_A.jpg', N'/app_data/HSBOSS/AFS/2019/0809/1450/69137465fd98477b9a3f1b7453f28ef3_B.jpg', N'桂林银行', N'桂林银行明秀支行', N'62288547966614', N'', N'', N'', N'', N'', N'4', N'', N'', N'18260917607', N'19891019', N'', N'')
INSERT [dbo].[HS_ENTERPRISE] ([OID], [OWNER], [LICENCE_PIC], [CREDIT_CODE], [REGION_CODE], [NAME], [MASTER_TYPE], [REGISTERED_CAPITAL], [REGIST_DATE], [BUSINESS_TERM], [REGISTRATION_AUTHORITY], [REGISTERED_ADDRESS], [BUSINESS_SCOPE], [LEGAL_PERSON], [LP_CERT_TYPE], [LP_CERT_CODE], [LP_CERT_PIC_A], [LP_CERT_PIC_B], [BANK], [SUBBANK], [BANK_ACCOUNT], [INVOICE_CODE], [POST], [EMAIL], [TEL], [NOTE], [STATUS], [LON], [LAT], [ACCOUNT], [PASSWORD], [MOBILE], [FULL_TEXT]) VALUES (N'797d8e561c1b4ec8859eafb1b8156768', N'', N'/app_data/HSBOSS/AFS/2019/0807/1658/797d8e561c1b4ec8859eafb1b8156768.jpg', N'1236888668808', N'4501', N'南宁市简易数码科技有限公司', N'00', CAST(0.000 AS Numeric(10, 3)), CAST(N'1900-01-01' AS Date), N'', N'', N'', N'', N'李琼', N'undefined', N'420111196906075712', N'/app_data/HSBOSS/AFS/2019/0807/1658/797d8e561c1b4ec8859eafb1b8156768_A.jpg', N'/app_data/HSBOSS/AFS/2019/0807/1659/797d8e561c1b4ec8859eafb1b8156768_B.jpg', N'中国工商银行', N'南宁支行', N'125877453368809655', N'', N'', N'', N'', N'', N'4', N'', N'', N'13617715060', N'123', N'', N'')
INSERT [dbo].[HS_ENTERPRISE] ([OID], [OWNER], [LICENCE_PIC], [CREDIT_CODE], [REGION_CODE], [NAME], [MASTER_TYPE], [REGISTERED_CAPITAL], [REGIST_DATE], [BUSINESS_TERM], [REGISTRATION_AUTHORITY], [REGISTERED_ADDRESS], [BUSINESS_SCOPE], [LEGAL_PERSON], [LP_CERT_TYPE], [LP_CERT_CODE], [LP_CERT_PIC_A], [LP_CERT_PIC_B], [BANK], [SUBBANK], [BANK_ACCOUNT], [INVOICE_CODE], [POST], [EMAIL], [TEL], [NOTE], [STATUS], [LON], [LAT], [ACCOUNT], [PASSWORD], [MOBILE], [FULL_TEXT]) VALUES (N'b96d25d1fabb42888bac9d38cc382450', N'', N'/app_data/HSBOSS/AFS/2019/0806/0929/b96d25d1fabb42888bac9d38cc382450.jpg', N'91450103098575813N', N'4501', N'南宁市简易数码科技有限公司', N'00', CAST(0.000 AS Numeric(10, 3)), CAST(N'1900-01-01' AS Date), N'', N'', N'', N'', N'李琼', N'undefined', N'420111196906075712', N'/app_data/HSBOSS/AFS/2019/0806/0930/b96d25d1fabb42888bac9d38cc382450_A.jpg', N'/app_data/HSBOSS/AFS/2019/0806/0931/b96d25d1fabb42888bac9d38cc382450_B.jpg', N'中国工商银行', N'南宁市支行', N'125807756321', N'', N'', N'', N'', N'', N'4', N'', N'', N'18607816066', N'123', N'', N'')
INSERT [dbo].[HS_ENTERPRISE] ([OID], [OWNER], [LICENCE_PIC], [CREDIT_CODE], [REGION_CODE], [NAME], [MASTER_TYPE], [REGISTERED_CAPITAL], [REGIST_DATE], [BUSINESS_TERM], [REGISTRATION_AUTHORITY], [REGISTERED_ADDRESS], [BUSINESS_SCOPE], [LEGAL_PERSON], [LP_CERT_TYPE], [LP_CERT_CODE], [LP_CERT_PIC_A], [LP_CERT_PIC_B], [BANK], [SUBBANK], [BANK_ACCOUNT], [INVOICE_CODE], [POST], [EMAIL], [TEL], [NOTE], [STATUS], [LON], [LAT], [ACCOUNT], [PASSWORD], [MOBILE], [FULL_TEXT]) VALUES (N'E001', N'null', N'null', N'E001', N'4501', N'广西好好家政', N'', CAST(500.000 AS Numeric(10, 3)), CAST(N'2000-06-28' AS Date), N'', N'', N'', N'', N'李明', N'00', N'5300111197801299912', N'null', N'null', N'null', N'null', N'null', N'null', N'', N'123@qq.com', N'07718005667', N'', N'1', N'0', N'0', N'null', N'null', N'null', N'')
INSERT [dbo].[HS_DIRECTOR] ([OID], [HS_ENTERPRISE], [ACCOUNT], [PASSWORD], [MOBILE], [WX_ACOUNT], [CERT_CODE], [CERT_TYPE], [NATIVE_AREA], [NAME], [SEX], [BIRTHDAY], [ADDRESS], [HEAD_PIC], [CERT_PIC], [CREATE_TIME], [STATUS]) VALUES (N'12f12c2028374ac3a0e48c6564e968de', N'b96d25d1fabb42888bac9d38cc382450', N'888888888', N'123', N'', N'', N'230708197712270011', N'', N'4501', N'邱鸿亮', N'1', CAST(N'1977-12-27' AS Date), N'', N'/app_data/HSBOSS/AFS/2019/0807/1811/12f12c2028374ac3a0e48c6564e968de_H.jpg', N'/app_data/HSBOSS/AFS/2019/0807/1811/12f12c2028374ac3a0e48c6564e968de_C.jpg', NULL, N'2')
INSERT [dbo].[HS_DIRECTOR] ([OID], [HS_ENTERPRISE], [ACCOUNT], [PASSWORD], [MOBILE], [WX_ACOUNT], [CERT_CODE], [CERT_TYPE], [NATIVE_AREA], [NAME], [SEX], [BIRTHDAY], [ADDRESS], [HEAD_PIC], [CERT_PIC], [CREATE_TIME], [STATUS]) VALUES (N'20a2c738f0d1401baaea8a786ed8f746', N'b96d25d1fabb42888bac9d38cc382450', N'7777777777', N'123', N'', N'', N'12220077463', N'', N'4501', N'李阳', N'1', CAST(N'1977-12-27' AS Date), N'', N'/app_data/HSBOSS/AFS/2019/0808/0941/20a2c738f0d1401baaea8a786ed8f746_H.jpg', N'/app_data/HSBOSS/AFS/2019/0807/1808/20a2c738f0d1401baaea8a786ed8f746_C.jpg', NULL, N'2')
INSERT [dbo].[HS_DIRECTOR] ([OID], [HS_ENTERPRISE], [ACCOUNT], [PASSWORD], [MOBILE], [WX_ACOUNT], [CERT_CODE], [CERT_TYPE], [NATIVE_AREA], [NAME], [SEX], [BIRTHDAY], [ADDRESS], [HEAD_PIC], [CERT_PIC], [CREATE_TIME], [STATUS]) VALUES (N'46d10019d584485a8918dc0c56e686b6', N'b96d25d1fabb42888bac9d38cc382450', N'18607816066', N'123', N'', N'', N'420111196906075712', N'', N'4501', N'李琼', N'1', CAST(N'1969-06-07' AS Date), N'', N'/app_data/HSBOSS/AFS/2019/0806/2151/46d10019d584485a8918dc0c56e686b6_H.jpg', N'/app_data/HSBOSS/AFS/2019/0806/2149/46d10019d584485a8918dc0c56e686b6_C.jpg', NULL, N'2')
INSERT [dbo].[HS_DIRECTOR] ([OID], [HS_ENTERPRISE], [ACCOUNT], [PASSWORD], [MOBILE], [WX_ACOUNT], [CERT_CODE], [CERT_TYPE], [NATIVE_AREA], [NAME], [SEX], [BIRTHDAY], [ADDRESS], [HEAD_PIC], [CERT_PIC], [CREATE_TIME], [STATUS]) VALUES (N'629f8d7bb429420b94b4ca676acd2382', N'b96d25d1fabb42888bac9d38cc382450', N'', N'', N'', N'', N'', N'', N'', N'', N'1', CAST(N'1980-08-08' AS Date), N'', N'', N'', NULL, N'1')
INSERT [dbo].[HS_DIRECTOR] ([OID], [HS_ENTERPRISE], [ACCOUNT], [PASSWORD], [MOBILE], [WX_ACOUNT], [CERT_CODE], [CERT_TYPE], [NATIVE_AREA], [NAME], [SEX], [BIRTHDAY], [ADDRESS], [HEAD_PIC], [CERT_PIC], [CREATE_TIME], [STATUS]) VALUES (N'95ef14c3b26a46088280b51274bbfdc9', N'b96d25d1fabb42888bac9d38cc382450', N'13617715060', N'1', N'', N'', N'230708197712270011', N'', N'4501', N'邱鸿亮', N'1', CAST(N'1977-12-27' AS Date), N'', N'/app_data/HSBOSS/AFS/2019/0807/1818/95ef14c3b26a46088280b51274bbfdc9_H.jpg', N'/app_data/HSBOSS/AFS/2019/0807/1816/95ef14c3b26a46088280b51274bbfdc9_C.jpg', NULL, N'2')
INSERT [dbo].[HS_DIRECTOR] ([OID], [HS_ENTERPRISE], [ACCOUNT], [PASSWORD], [MOBILE], [WX_ACOUNT], [CERT_CODE], [CERT_TYPE], [NATIVE_AREA], [NAME], [SEX], [BIRTHDAY], [ADDRESS], [HEAD_PIC], [CERT_PIC], [CREATE_TIME], [STATUS]) VALUES (N'9ecc0b5630634922bb852e7b9135c33a', N'b96d25d1fabb42888bac9d38cc382450', N'13788495755', N'246437', N'', N'', N'452629199008171536', N'', N'45', N'覃尚葵', N'1', CAST(N'1990-08-17' AS Date), N'', N'/app_data/HSBOSS/AFS/2019/0809/1540/9ecc0b5630634922bb852e7b9135c33a_H.jpg', N'/app_data/HSBOSS/AFS/2019/0809/1540/9ecc0b5630634922bb852e7b9135c33a_C.jpg', NULL, N'2')
INSERT [dbo].[HS_DIRECTOR] ([OID], [HS_ENTERPRISE], [ACCOUNT], [PASSWORD], [MOBILE], [WX_ACOUNT], [CERT_CODE], [CERT_TYPE], [NATIVE_AREA], [NAME], [SEX], [BIRTHDAY], [ADDRESS], [HEAD_PIC], [CERT_PIC], [CREATE_TIME], [STATUS]) VALUES (N'a40a0cf732714e26bda6bfcfd708a14c', N'b96d25d1fabb42888bac9d38cc382450', N'999999999', N'123', N'', N'', N'230708197712270011', N'', N'45', N'邱鸿亮', N'1', CAST(N'1977-12-27' AS Date), N'', N'/app_data/HSBOSS/AFS/2019/0808/0936/a40a0cf732714e26bda6bfcfd708a14c_H.jpg', N'/app_data/HSBOSS/AFS/2019/0807/1809/a40a0cf732714e26bda6bfcfd708a14c_C.jpg', NULL, N'2')
INSERT [dbo].[HS_WORKER] ([OID], [OWNER], [HS_ENTERPRISE], [HS_DIRECTOR], [HEAD_PIC], [CERT_TYPE], [CERT_CODE], [CERT_PIC], [NAME], [SEX], [BIRTHDAY], [MARITAL_STATUS], [RESIDENT_TYPE], [NATION], [RELIGION], [HEIGHT], [WEIGHT], [NATIONALITY], [NATIVE_AREA], [NATIVE_ADDRESS], [WORKPLACE_NATION], [WORKPLACE_AREA], [WORKPLACE_ADDRESS], [PHONE], [EDUCATION], [FROM_START_YEAR], [SKILL], [LANGUAGE], [VEHICLE_TYPE], [MEDALS], [TOTAL_POINTS], [BANK], [SUBBANK], [BANK_ACCOUNT], [NOTE], [LON], [LAT], [CREATE_TIME], [MOBILE], [WX_ACCOUNT], [PASSWORD], [STATUS], [FULL_TEXT]) VALUES (N'0d102d4c8a9f43d1a39b87591d923ce7', N'', N'b96d25d1fabb42888bac9d38cc382450', NULL, N'', N'', N'4501221984', N'/app_data/HSBOSS/AFS/2019/0808/0951/0d102d4c8a9f43d1a39b87591d923ce7.jpg', N'李静', N'0', CAST(N'1984-12-01' AS Date), N'01', N'02', N'', N'00', CAST(0.00 AS Numeric(10, 2)), CAST(0.00 AS Numeric(10, 2)), N'', N'', N'广西武鸣县南宁华侨投资区武帽农场雷花街197号', N'', N'', N'', N'18697998485', N'03', 0, N'00', N'0000,0002,0001', N'04', N'', CAST(0.00 AS Numeric(10, 2)), N'', N'', N'', N'', CAST(0.00000 AS Numeric(10, 5)), CAST(0.00000 AS Numeric(10, 5)), CAST(N'2019-08-08 09:51:14.460' AS DateTime), N'18077777559', N'null', N'null', N'9', N'')
INSERT [dbo].[HS_WORKER] ([OID], [OWNER], [HS_ENTERPRISE], [HS_DIRECTOR], [HEAD_PIC], [CERT_TYPE], [CERT_CODE], [CERT_PIC], [NAME], [SEX], [BIRTHDAY], [MARITAL_STATUS], [RESIDENT_TYPE], [NATION], [RELIGION], [HEIGHT], [WEIGHT], [NATIONALITY], [NATIVE_AREA], [NATIVE_ADDRESS], [WORKPLACE_NATION], [WORKPLACE_AREA], [WORKPLACE_ADDRESS], [PHONE], [EDUCATION], [FROM_START_YEAR], [SKILL], [LANGUAGE], [VEHICLE_TYPE], [MEDALS], [TOTAL_POINTS], [BANK], [SUBBANK], [BANK_ACCOUNT], [NOTE], [LON], [LAT], [CREATE_TIME], [MOBILE], [WX_ACCOUNT], [PASSWORD], [STATUS], [FULL_TEXT]) VALUES (N'18456ee4de1943a192e4925e03e77e85', NULL, NULL, NULL, N'', N'00', N'', N'#CERT_PIC#', N'', N'', CAST(N'1950-01-01' AS Date), N'', N'', N'', N'', CAST(0.00 AS Numeric(10, 2)), CAST(0.00 AS Numeric(10, 2)), N'', N'', N'', N'', N'', N'', N'', N'', 2000, N'', N'', N'', N'', CAST(0.00 AS Numeric(10, 2)), NULL, NULL, NULL, N'', CAST(0.00000 AS Numeric(10, 5)), CAST(0.00000 AS Numeric(10, 5)), CAST(N'2019-08-07 18:55:30.297' AS DateTime), N'#MOBILE#', NULL, NULL, NULL, N'')
INSERT [dbo].[HS_WORKER] ([OID], [OWNER], [HS_ENTERPRISE], [HS_DIRECTOR], [HEAD_PIC], [CERT_TYPE], [CERT_CODE], [CERT_PIC], [NAME], [SEX], [BIRTHDAY], [MARITAL_STATUS], [RESIDENT_TYPE], [NATION], [RELIGION], [HEIGHT], [WEIGHT], [NATIONALITY], [NATIVE_AREA], [NATIVE_ADDRESS], [WORKPLACE_NATION], [WORKPLACE_AREA], [WORKPLACE_ADDRESS], [PHONE], [EDUCATION], [FROM_START_YEAR], [SKILL], [LANGUAGE], [VEHICLE_TYPE], [MEDALS], [TOTAL_POINTS], [BANK], [SUBBANK], [BANK_ACCOUNT], [NOTE], [LON], [LAT], [CREATE_TIME], [MOBILE], [WX_ACCOUNT], [PASSWORD], [STATUS], [FULL_TEXT]) VALUES (N'1e0fd6e805924e86902651b57b9f492a', NULL, N'b96d25d1fabb42888bac9d38cc382450', N'46d10019d584485a8918dc0c56e686b6', N'/app_data/HSBOSS/AFS/2019/0718/1042/1e0fd6e805924e86902651b57b9f492a.jpg', N'00', N'', N'/app_data/HSBOSS/AFS/2019/0807/1733/1e0fd6e805924e86902651b57b9f492a.jpg', N'李静', N'0', CAST(N'1984-12-01' AS Date), N'null', N'null', N'null', N'null', CAST(0.00 AS Numeric(10, 2)), CAST(0.00 AS Numeric(10, 2)), N'', N'', N'广西武鸣县南宁华侨投资区武帽农场雷花街197号', N'', N'', N'', N'', N'null', 2019, N'00', N'0000,0002', N'null', N'#MEDALS #', CAST(0.00 AS Numeric(10, 2)), NULL, NULL, NULL, N'', CAST(0.00000 AS Numeric(10, 5)), CAST(0.00000 AS Numeric(10, 5)), CAST(N'2019-07-18 10:42:03.547' AS DateTime), N'null', NULL, NULL, NULL, N'')
INSERT [dbo].[HS_WORKER] ([OID], [OWNER], [HS_ENTERPRISE], [HS_DIRECTOR], [HEAD_PIC], [CERT_TYPE], [CERT_CODE], [CERT_PIC], [NAME], [SEX], [BIRTHDAY], [MARITAL_STATUS], [RESIDENT_TYPE], [NATION], [RELIGION], [HEIGHT], [WEIGHT], [NATIONALITY], [NATIVE_AREA], [NATIVE_ADDRESS], [WORKPLACE_NATION], [WORKPLACE_AREA], [WORKPLACE_ADDRESS], [PHONE], [EDUCATION], [FROM_START_YEAR], [SKILL], [LANGUAGE], [VEHICLE_TYPE], [MEDALS], [TOTAL_POINTS], [BANK], [SUBBANK], [BANK_ACCOUNT], [NOTE], [LON], [LAT], [CREATE_TIME], [MOBILE], [WX_ACCOUNT], [PASSWORD], [STATUS], [FULL_TEXT]) VALUES (N'21', NULL, N'b96d25d1fabb42888bac9d38cc382450', N'46d10019d584485a8918dc0c56e686b6', N'/app_data/HSBOSS/AFS/2019/0718/1024/21.jpg', N'00', N'43412444123', NULL, N'周治', N'0', CAST(N'1987-09-08' AS Date), NULL, NULL, NULL, NULL, CAST(0.00 AS Numeric(10, 2)), CAST(0.00 AS Numeric(10, 2)), N'CHN', N'4501', N'null', N'CHN', N'4502', N'null', N'null', NULL, 2012, N'00', N'0000,0001', NULL, NULL, CAST(0.00 AS Numeric(10, 2)), NULL, NULL, NULL, N'null', NULL, NULL, CAST(N'1900-01-01 00:00:00.000' AS DateTime), NULL, NULL, NULL, NULL, N'null')
INSERT [dbo].[HS_WORKER] ([OID], [OWNER], [HS_ENTERPRISE], [HS_DIRECTOR], [HEAD_PIC], [CERT_TYPE], [CERT_CODE], [CERT_PIC], [NAME], [SEX], [BIRTHDAY], [MARITAL_STATUS], [RESIDENT_TYPE], [NATION], [RELIGION], [HEIGHT], [WEIGHT], [NATIONALITY], [NATIVE_AREA], [NATIVE_ADDRESS], [WORKPLACE_NATION], [WORKPLACE_AREA], [WORKPLACE_ADDRESS], [PHONE], [EDUCATION], [FROM_START_YEAR], [SKILL], [LANGUAGE], [VEHICLE_TYPE], [MEDALS], [TOTAL_POINTS], [BANK], [SUBBANK], [BANK_ACCOUNT], [NOTE], [LON], [LAT], [CREATE_TIME], [MOBILE], [WX_ACCOUNT], [PASSWORD], [STATUS], [FULL_TEXT]) VALUES (N'2b7c09a1752c49d692854a2d8bb3c141', N'', N'b96d25d1fabb42888bac9d38cc382450', NULL, N'', N'', N'', N'', N'新阿姨', N'0', CAST(N'1980-08-08' AS Date), N'', N'', N'', N'', CAST(0.00 AS Numeric(10, 2)), CAST(0.00 AS Numeric(10, 2)), N'', N'', N'', N'', N'', N'', N'', N'', 0, N'', N'', N'', N'', CAST(0.00 AS Numeric(10, 2)), N'', N'', N'', N'', CAST(0.00000 AS Numeric(10, 5)), CAST(0.00000 AS Numeric(10, 5)), CAST(N'2019-08-09 11:04:07.873' AS DateTime), N'', NULL, NULL, N'#STATUS#', N'')
INSERT [dbo].[HS_WORKER] ([OID], [OWNER], [HS_ENTERPRISE], [HS_DIRECTOR], [HEAD_PIC], [CERT_TYPE], [CERT_CODE], [CERT_PIC], [NAME], [SEX], [BIRTHDAY], [MARITAL_STATUS], [RESIDENT_TYPE], [NATION], [RELIGION], [HEIGHT], [WEIGHT], [NATIONALITY], [NATIVE_AREA], [NATIVE_ADDRESS], [WORKPLACE_NATION], [WORKPLACE_AREA], [WORKPLACE_ADDRESS], [PHONE], [EDUCATION], [FROM_START_YEAR], [SKILL], [LANGUAGE], [VEHICLE_TYPE], [MEDALS], [TOTAL_POINTS], [BANK], [SUBBANK], [BANK_ACCOUNT], [NOTE], [LON], [LAT], [CREATE_TIME], [MOBILE], [WX_ACCOUNT], [PASSWORD], [STATUS], [FULL_TEXT]) VALUES (N'40f1271f43c5466990fc7b7174d378ae', N'', N'b96d25d1fabb42888bac9d38cc382450', N'12f12c2028374ac3a0e48c6564e968de', N'', N'', N'230708197712270011', N'/app_data/HSBOSS/AFS/2019/0807/2102/40f1271f43c5466990fc7b7174d378ae.jpg', N'邱鸿亮', N'1', CAST(N'1977-12-27' AS Date), N'', N'', N'', N'', CAST(0.00 AS Numeric(10, 2)), CAST(0.00 AS Numeric(10, 2)), N'', N'', N'黑龙江省伊春市美溪区美溪街建设委5组', N'', N'', N'', N'', N'', 0, N'00', N'00,0000', N'', N'', CAST(0.00 AS Numeric(10, 2)), N'', N'', N'', N'', CAST(0.00000 AS Numeric(10, 5)), CAST(0.00000 AS Numeric(10, 5)), CAST(N'2019-08-07 20:50:13.707' AS DateTime), N'', NULL, NULL, N'#STATUS#', N'')
INSERT [dbo].[HS_WORKER] ([OID], [OWNER], [HS_ENTERPRISE], [HS_DIRECTOR], [HEAD_PIC], [CERT_TYPE], [CERT_CODE], [CERT_PIC], [NAME], [SEX], [BIRTHDAY], [MARITAL_STATUS], [RESIDENT_TYPE], [NATION], [RELIGION], [HEIGHT], [WEIGHT], [NATIONALITY], [NATIVE_AREA], [NATIVE_ADDRESS], [WORKPLACE_NATION], [WORKPLACE_AREA], [WORKPLACE_ADDRESS], [PHONE], [EDUCATION], [FROM_START_YEAR], [SKILL], [LANGUAGE], [VEHICLE_TYPE], [MEDALS], [TOTAL_POINTS], [BANK], [SUBBANK], [BANK_ACCOUNT], [NOTE], [LON], [LAT], [CREATE_TIME], [MOBILE], [WX_ACCOUNT], [PASSWORD], [STATUS], [FULL_TEXT]) VALUES (N'4c4538c2f71b4f949d5e0f2b6599df5b', NULL, N'b96d25d1fabb42888bac9d38cc382450', N'46d10019d584485a8918dc0c56e686b6', N'/app_data/HSBOSS/AFS/2019/0718/1041/4c4538c2f71b4f949d5e0f2b6599df5b.jpg', N'00', N'', N'', N'新人', N'undefined', CAST(N'1950-01-01' AS Date), N'null', N'null', N'null', N'null', CAST(0.00 AS Numeric(10, 2)), CAST(0.00 AS Numeric(10, 2)), N'', N'', N'', N'', N'', N'', N'', N'null', 2019, N'', N'', N'null', N'#MEDALS #', CAST(0.00 AS Numeric(10, 2)), NULL, NULL, NULL, N'', CAST(0.00000 AS Numeric(10, 5)), CAST(0.00000 AS Numeric(10, 5)), CAST(N'2019-07-18 10:39:16.433' AS DateTime), N'null', NULL, NULL, NULL, N'')
INSERT [dbo].[HS_WORKER] ([OID], [OWNER], [HS_ENTERPRISE], [HS_DIRECTOR], [HEAD_PIC], [CERT_TYPE], [CERT_CODE], [CERT_PIC], [NAME], [SEX], [BIRTHDAY], [MARITAL_STATUS], [RESIDENT_TYPE], [NATION], [RELIGION], [HEIGHT], [WEIGHT], [NATIONALITY], [NATIVE_AREA], [NATIVE_ADDRESS], [WORKPLACE_NATION], [WORKPLACE_AREA], [WORKPLACE_ADDRESS], [PHONE], [EDUCATION], [FROM_START_YEAR], [SKILL], [LANGUAGE], [VEHICLE_TYPE], [MEDALS], [TOTAL_POINTS], [BANK], [SUBBANK], [BANK_ACCOUNT], [NOTE], [LON], [LAT], [CREATE_TIME], [MOBILE], [WX_ACCOUNT], [PASSWORD], [STATUS], [FULL_TEXT]) VALUES (N'540addb51bee4f23aa32ab38a5b6e8e8', N'', N'b96d25d1fabb42888bac9d38cc382450', NULL, N'', N'', N'', N'', N'新阿姨', N'0', CAST(N'1980-08-08' AS Date), N'', N'', N'', N'', CAST(0.00 AS Numeric(10, 2)), CAST(0.00 AS Numeric(10, 2)), N'', N'', N'', N'', N'', N'', N'', N'', 0, N'00', N'00,0000,0001', N'', N'', CAST(0.00 AS Numeric(10, 2)), N'', N'', N'', N'', CAST(0.00000 AS Numeric(10, 5)), CAST(0.00000 AS Numeric(10, 5)), CAST(N'2019-08-07 19:55:24.483' AS DateTime), N'', NULL, NULL, N'#STATUS#', N'')
INSERT [dbo].[HS_WORKER] ([OID], [OWNER], [HS_ENTERPRISE], [HS_DIRECTOR], [HEAD_PIC], [CERT_TYPE], [CERT_CODE], [CERT_PIC], [NAME], [SEX], [BIRTHDAY], [MARITAL_STATUS], [RESIDENT_TYPE], [NATION], [RELIGION], [HEIGHT], [WEIGHT], [NATIONALITY], [NATIVE_AREA], [NATIVE_ADDRESS], [WORKPLACE_NATION], [WORKPLACE_AREA], [WORKPLACE_ADDRESS], [PHONE], [EDUCATION], [FROM_START_YEAR], [SKILL], [LANGUAGE], [VEHICLE_TYPE], [MEDALS], [TOTAL_POINTS], [BANK], [SUBBANK], [BANK_ACCOUNT], [NOTE], [LON], [LAT], [CREATE_TIME], [MOBILE], [WX_ACCOUNT], [PASSWORD], [STATUS], [FULL_TEXT]) VALUES (N'5a9bb18787c74de3a0e668ef5ffe385f', N'', N'1867d49ff6454bde8e67be6acdfeef31', NULL, N'', N'', N'452812198607140809', N'', N'新阿姨', N'0', CAST(N'1980-08-08' AS Date), N'01', N'02', N'', N'00', CAST(160.00 AS Numeric(10, 2)), CAST(45.00 AS Numeric(10, 2)), N'CHN', N'45', N'茅桥路2号', N'', N'4501', N'茅桥路2号', N'15077607311', N'03', 0, N'00', N'0000,0002,0001', N'03', N'', CAST(0.00 AS Numeric(10, 2)), N'', N'', N'', N'', CAST(0.00000 AS Numeric(10, 5)), CAST(0.00000 AS Numeric(10, 5)), CAST(N'2019-08-09 17:11:10.337' AS DateTime), N'13788495755', NULL, NULL, N'#STATUS#', N'')
INSERT [dbo].[HS_WORKER] ([OID], [OWNER], [HS_ENTERPRISE], [HS_DIRECTOR], [HEAD_PIC], [CERT_TYPE], [CERT_CODE], [CERT_PIC], [NAME], [SEX], [BIRTHDAY], [MARITAL_STATUS], [RESIDENT_TYPE], [NATION], [RELIGION], [HEIGHT], [WEIGHT], [NATIONALITY], [NATIVE_AREA], [NATIVE_ADDRESS], [WORKPLACE_NATION], [WORKPLACE_AREA], [WORKPLACE_ADDRESS], [PHONE], [EDUCATION], [FROM_START_YEAR], [SKILL], [LANGUAGE], [VEHICLE_TYPE], [MEDALS], [TOTAL_POINTS], [BANK], [SUBBANK], [BANK_ACCOUNT], [NOTE], [LON], [LAT], [CREATE_TIME], [MOBILE], [WX_ACCOUNT], [PASSWORD], [STATUS], [FULL_TEXT]) VALUES (N'66d6c3bbcb8f4c64a8deb1a72f381d97', N'', N'b96d25d1fabb42888bac9d38cc382450', NULL, N'', N'', N'', N'', N'新阿姨', N'0', CAST(N'1980-08-08' AS Date), N'', N'', N'', N'', CAST(0.00 AS Numeric(10, 2)), CAST(0.00 AS Numeric(10, 2)), N'', N'', N'', N'', N'', N'', N'', N'', 0, N'00', N'00,0003,0001', N'', N'', CAST(0.00 AS Numeric(10, 2)), N'', N'', N'', N'', CAST(0.00000 AS Numeric(10, 5)), CAST(0.00000 AS Numeric(10, 5)), CAST(N'2019-08-08 17:02:10.997' AS DateTime), N'', N'null', N'null', N'#STATUS#', N'')
INSERT [dbo].[HS_WORKER] ([OID], [OWNER], [HS_ENTERPRISE], [HS_DIRECTOR], [HEAD_PIC], [CERT_TYPE], [CERT_CODE], [CERT_PIC], [NAME], [SEX], [BIRTHDAY], [MARITAL_STATUS], [RESIDENT_TYPE], [NATION], [RELIGION], [HEIGHT], [WEIGHT], [NATIONALITY], [NATIVE_AREA], [NATIVE_ADDRESS], [WORKPLACE_NATION], [WORKPLACE_AREA], [WORKPLACE_ADDRESS], [PHONE], [EDUCATION], [FROM_START_YEAR], [SKILL], [LANGUAGE], [VEHICLE_TYPE], [MEDALS], [TOTAL_POINTS], [BANK], [SUBBANK], [BANK_ACCOUNT], [NOTE], [LON], [LAT], [CREATE_TIME], [MOBILE], [WX_ACCOUNT], [PASSWORD], [STATUS], [FULL_TEXT]) VALUES (N'6b672709917f472e866e69c968e74ada', N'', N'69137465fd98477b9a3f1b7453f28ef3', NULL, N'', N'00', N'530111197010105711', N'', N'新阿姨', N'0', CAST(N'1980-08-08' AS Date), N'01', N'01', N'001', N'02', CAST(155.00 AS Numeric(10, 2)), CAST(55.00 AS Numeric(10, 2)), N'CHN', N'4501', N'季候风季候风季候风和', N'CHN', N'4501', N'植物路50号', N'07718006677', N'02', 0, N'00', N'0000,0002,0003,0001', N'01', N'', CAST(0.00 AS Numeric(10, 2)), N'', N'', N'', N'', CAST(0.00000 AS Numeric(10, 5)), CAST(0.00000 AS Numeric(10, 5)), CAST(N'2019-08-09 16:39:53.567' AS DateTime), N'18607819909', N'null', N'null', N'#STATUS#', N'')
INSERT [dbo].[HS_WORKER] ([OID], [OWNER], [HS_ENTERPRISE], [HS_DIRECTOR], [HEAD_PIC], [CERT_TYPE], [CERT_CODE], [CERT_PIC], [NAME], [SEX], [BIRTHDAY], [MARITAL_STATUS], [RESIDENT_TYPE], [NATION], [RELIGION], [HEIGHT], [WEIGHT], [NATIONALITY], [NATIVE_AREA], [NATIVE_ADDRESS], [WORKPLACE_NATION], [WORKPLACE_AREA], [WORKPLACE_ADDRESS], [PHONE], [EDUCATION], [FROM_START_YEAR], [SKILL], [LANGUAGE], [VEHICLE_TYPE], [MEDALS], [TOTAL_POINTS], [BANK], [SUBBANK], [BANK_ACCOUNT], [NOTE], [LON], [LAT], [CREATE_TIME], [MOBILE], [WX_ACCOUNT], [PASSWORD], [STATUS], [FULL_TEXT]) VALUES (N'77f964b6c5b946b585a1d5c6cb98a321', N'', N'b96d25d1fabb42888bac9d38cc382450', N'46d10019d584485a8918dc0c56e686b6', N'', N'', N'450122', N'', N'新阿姨', N'0', CAST(N'1980-08-08' AS Date), N'', N'', N'', N'', CAST(0.00 AS Numeric(10, 2)), CAST(0.00 AS Numeric(10, 2)), N'', N'', N'', N'', N'', N'', N'', N'', 0, N'', N'', N'', N'', CAST(0.00 AS Numeric(10, 2)), N'', N'', N'', N'', CAST(0.00000 AS Numeric(10, 5)), CAST(0.00000 AS Numeric(10, 5)), CAST(N'2019-08-09 14:42:24.750' AS DateTime), N'', N'null', N'null', N'9', N'')
INSERT [dbo].[HS_WORKER] ([OID], [OWNER], [HS_ENTERPRISE], [HS_DIRECTOR], [HEAD_PIC], [CERT_TYPE], [CERT_CODE], [CERT_PIC], [NAME], [SEX], [BIRTHDAY], [MARITAL_STATUS], [RESIDENT_TYPE], [NATION], [RELIGION], [HEIGHT], [WEIGHT], [NATIONALITY], [NATIVE_AREA], [NATIVE_ADDRESS], [WORKPLACE_NATION], [WORKPLACE_AREA], [WORKPLACE_ADDRESS], [PHONE], [EDUCATION], [FROM_START_YEAR], [SKILL], [LANGUAGE], [VEHICLE_TYPE], [MEDALS], [TOTAL_POINTS], [BANK], [SUBBANK], [BANK_ACCOUNT], [NOTE], [LON], [LAT], [CREATE_TIME], [MOBILE], [WX_ACCOUNT], [PASSWORD], [STATUS], [FULL_TEXT]) VALUES (N'94c2344c660e4e8da5b462d63673409a', N'', N'b96d25d1fabb42888bac9d38cc382450', NULL, N'', N'', N'', N'', N'新阿姨', N'0', CAST(N'1980-08-08' AS Date), N'', N'', N'', N'', CAST(0.00 AS Numeric(10, 2)), CAST(0.00 AS Numeric(10, 2)), N'', N'', N'', N'', N'', N'', N'', N'', 0, N'', N'', N'', N'', CAST(0.00 AS Numeric(10, 2)), N'', N'', N'', N'', CAST(0.00000 AS Numeric(10, 5)), CAST(0.00000 AS Numeric(10, 5)), CAST(N'2019-08-09 11:07:31.850' AS DateTime), N'', NULL, NULL, N'9', N'')
INSERT [dbo].[HS_WORKER] ([OID], [OWNER], [HS_ENTERPRISE], [HS_DIRECTOR], [HEAD_PIC], [CERT_TYPE], [CERT_CODE], [CERT_PIC], [NAME], [SEX], [BIRTHDAY], [MARITAL_STATUS], [RESIDENT_TYPE], [NATION], [RELIGION], [HEIGHT], [WEIGHT], [NATIONALITY], [NATIVE_AREA], [NATIVE_ADDRESS], [WORKPLACE_NATION], [WORKPLACE_AREA], [WORKPLACE_ADDRESS], [PHONE], [EDUCATION], [FROM_START_YEAR], [SKILL], [LANGUAGE], [VEHICLE_TYPE], [MEDALS], [TOTAL_POINTS], [BANK], [SUBBANK], [BANK_ACCOUNT], [NOTE], [LON], [LAT], [CREATE_TIME], [MOBILE], [WX_ACCOUNT], [PASSWORD], [STATUS], [FULL_TEXT]) VALUES (N'9e1eeaa5363043c0af9b3f3d780ff42d', N'', N'b96d25d1fabb42888bac9d38cc382450', NULL, N'', N'', N'', N'', N'新阿姨', N'0', CAST(N'1980-08-08' AS Date), N'', N'', N'', N'', CAST(0.00 AS Numeric(10, 2)), CAST(0.00 AS Numeric(10, 2)), N'', N'', N'', N'', N'', N'', N'', N'', 0, N'', N'', N'', N'', CAST(0.00 AS Numeric(10, 2)), N'', N'', N'', N'', CAST(0.00000 AS Numeric(10, 5)), CAST(0.00000 AS Numeric(10, 5)), CAST(N'2019-08-08 10:49:35.890' AS DateTime), N'', NULL, NULL, N'9', N'')
INSERT [dbo].[HS_WORKER] ([OID], [OWNER], [HS_ENTERPRISE], [HS_DIRECTOR], [HEAD_PIC], [CERT_TYPE], [CERT_CODE], [CERT_PIC], [NAME], [SEX], [BIRTHDAY], [MARITAL_STATUS], [RESIDENT_TYPE], [NATION], [RELIGION], [HEIGHT], [WEIGHT], [NATIONALITY], [NATIVE_AREA], [NATIVE_ADDRESS], [WORKPLACE_NATION], [WORKPLACE_AREA], [WORKPLACE_ADDRESS], [PHONE], [EDUCATION], [FROM_START_YEAR], [SKILL], [LANGUAGE], [VEHICLE_TYPE], [MEDALS], [TOTAL_POINTS], [BANK], [SUBBANK], [BANK_ACCOUNT], [NOTE], [LON], [LAT], [CREATE_TIME], [MOBILE], [WX_ACCOUNT], [PASSWORD], [STATUS], [FULL_TEXT]) VALUES (N'b1db46aed6844deb9f730b02c9c06c94', N'', N'b96d25d1fabb42888bac9d38cc382450', NULL, N'', N'', N'', N'', N'新阿姨', N'0', CAST(N'1980-08-08' AS Date), N'', N'', N'', N'', CAST(0.00 AS Numeric(10, 2)), CAST(0.00 AS Numeric(10, 2)), N'', N'', N'', N'', N'', N'', N'', N'', 0, N'00', N'00,0000,0002', N'', N'', CAST(0.00 AS Numeric(10, 2)), N'', N'', N'', N'', CAST(0.00000 AS Numeric(10, 5)), CAST(0.00000 AS Numeric(10, 5)), CAST(N'2019-08-09 11:51:16.907' AS DateTime), N'', NULL, NULL, N'#STATUS#', N'')
INSERT [dbo].[HS_WORKER] ([OID], [OWNER], [HS_ENTERPRISE], [HS_DIRECTOR], [HEAD_PIC], [CERT_TYPE], [CERT_CODE], [CERT_PIC], [NAME], [SEX], [BIRTHDAY], [MARITAL_STATUS], [RESIDENT_TYPE], [NATION], [RELIGION], [HEIGHT], [WEIGHT], [NATIONALITY], [NATIVE_AREA], [NATIVE_ADDRESS], [WORKPLACE_NATION], [WORKPLACE_AREA], [WORKPLACE_ADDRESS], [PHONE], [EDUCATION], [FROM_START_YEAR], [SKILL], [LANGUAGE], [VEHICLE_TYPE], [MEDALS], [TOTAL_POINTS], [BANK], [SUBBANK], [BANK_ACCOUNT], [NOTE], [LON], [LAT], [CREATE_TIME], [MOBILE], [WX_ACCOUNT], [PASSWORD], [STATUS], [FULL_TEXT]) VALUES (N'b33f568cbd644b2f9c416eab02f95b33', N'', N'b96d25d1fabb42888bac9d38cc382450', N'46d10019d584485a8918dc0c56e686b6', N'', N'', N'', N'', N'新阿姨', N'0', CAST(N'2001-08-08' AS Date), N'', N'', N'', N'', CAST(0.00 AS Numeric(10, 2)), CAST(0.00 AS Numeric(10, 2)), N'', N'', N'', N'', N'', N'', N'', N'', 0, N'00', N'00,0000', N'', N'', CAST(0.00 AS Numeric(10, 2)), N'', N'', N'', N'', CAST(0.00000 AS Numeric(10, 5)), CAST(0.00000 AS Numeric(10, 5)), CAST(N'2019-08-09 15:42:09.600' AS DateTime), N'', N'null', N'null', N'9', N'')
INSERT [dbo].[HS_WORKER] ([OID], [OWNER], [HS_ENTERPRISE], [HS_DIRECTOR], [HEAD_PIC], [CERT_TYPE], [CERT_CODE], [CERT_PIC], [NAME], [SEX], [BIRTHDAY], [MARITAL_STATUS], [RESIDENT_TYPE], [NATION], [RELIGION], [HEIGHT], [WEIGHT], [NATIONALITY], [NATIVE_AREA], [NATIVE_ADDRESS], [WORKPLACE_NATION], [WORKPLACE_AREA], [WORKPLACE_ADDRESS], [PHONE], [EDUCATION], [FROM_START_YEAR], [SKILL], [LANGUAGE], [VEHICLE_TYPE], [MEDALS], [TOTAL_POINTS], [BANK], [SUBBANK], [BANK_ACCOUNT], [NOTE], [LON], [LAT], [CREATE_TIME], [MOBILE], [WX_ACCOUNT], [PASSWORD], [STATUS], [FULL_TEXT]) VALUES (N'b98214c3dbe74634bf01a6d5851fb858', N'', N'b96d25d1fabb42888bac9d38cc382450', NULL, N'', N'', N'', N'', N'新阿婆姨', N'0', CAST(N'1980-08-08' AS Date), N'', N'', N'', N'', CAST(0.00 AS Numeric(10, 2)), CAST(0.00 AS Numeric(10, 2)), N'', N'', N'', N'', N'', N'', N'', N'', 0, N'', N'', N'', N'', CAST(0.00 AS Numeric(10, 2)), N'', N'', N'', N'', CAST(0.00000 AS Numeric(10, 5)), CAST(0.00000 AS Numeric(10, 5)), CAST(N'2019-08-08 16:59:34.217' AS DateTime), N'', NULL, NULL, N'#STATUS#', N'')
INSERT [dbo].[HS_WORKER] ([OID], [OWNER], [HS_ENTERPRISE], [HS_DIRECTOR], [HEAD_PIC], [CERT_TYPE], [CERT_CODE], [CERT_PIC], [NAME], [SEX], [BIRTHDAY], [MARITAL_STATUS], [RESIDENT_TYPE], [NATION], [RELIGION], [HEIGHT], [WEIGHT], [NATIONALITY], [NATIVE_AREA], [NATIVE_ADDRESS], [WORKPLACE_NATION], [WORKPLACE_AREA], [WORKPLACE_ADDRESS], [PHONE], [EDUCATION], [FROM_START_YEAR], [SKILL], [LANGUAGE], [VEHICLE_TYPE], [MEDALS], [TOTAL_POINTS], [BANK], [SUBBANK], [BANK_ACCOUNT], [NOTE], [LON], [LAT], [CREATE_TIME], [MOBILE], [WX_ACCOUNT], [PASSWORD], [STATUS], [FULL_TEXT]) VALUES (N'cd5b07ec92dd41f282d9b734e8edf802', N'', N'b96d25d1fabb42888bac9d38cc382450', NULL, N'', N'', N'', N'', N'新阿森和姨', N'0', CAST(N'1980-08-08' AS Date), N'', N'', N'', N'', CAST(0.00 AS Numeric(10, 2)), CAST(0.00 AS Numeric(10, 2)), N'', N'', N'', N'', N'', N'', N'', N'', 0, N'', N'', N'', N'', CAST(0.00 AS Numeric(10, 2)), N'', N'', N'', N'', CAST(0.00000 AS Numeric(10, 5)), CAST(0.00000 AS Numeric(10, 5)), CAST(N'2019-08-08 17:01:16.370' AS DateTime), N'', NULL, NULL, N'#STATUS#', N'')
INSERT [dbo].[HS_WORKER] ([OID], [OWNER], [HS_ENTERPRISE], [HS_DIRECTOR], [HEAD_PIC], [CERT_TYPE], [CERT_CODE], [CERT_PIC], [NAME], [SEX], [BIRTHDAY], [MARITAL_STATUS], [RESIDENT_TYPE], [NATION], [RELIGION], [HEIGHT], [WEIGHT], [NATIONALITY], [NATIVE_AREA], [NATIVE_ADDRESS], [WORKPLACE_NATION], [WORKPLACE_AREA], [WORKPLACE_ADDRESS], [PHONE], [EDUCATION], [FROM_START_YEAR], [SKILL], [LANGUAGE], [VEHICLE_TYPE], [MEDALS], [TOTAL_POINTS], [BANK], [SUBBANK], [BANK_ACCOUNT], [NOTE], [LON], [LAT], [CREATE_TIME], [MOBILE], [WX_ACCOUNT], [PASSWORD], [STATUS], [FULL_TEXT]) VALUES (N'd06c7caced9a488483f3492a3105d569', NULL, N'b96d25d1fabb42888bac9d38cc382450', N'46d10019d584485a8918dc0c56e686b6', N'/app_data/HSBOSS/AFS/2019/0710/1131/d06c7caced9a488483f3492a3105d569.jpg', N'00', N'420111196906075712', N'/app_data/HSBOSS/AFS/2019/0728/1649/d06c7caced9a488483f3492a3105d569.jpg', N'李琼', N'1', CAST(N'1969-06-07' AS Date), N'02', N'02', N'001', N'02', CAST(155.00 AS Numeric(10, 2)), CAST(56.00 AS Numeric(10, 2)), N'CHN', N'4501', N'北京市丰台区云岗北里甲6楼1单元3号', N'CHN', N'4502', N'北京路120号', N'18607819909', N'05', 2009, N'00', N'00,0000,0002,0003,0001', N'01', N'#MEDALS #', CAST(0.00 AS Numeric(10, 2)), NULL, NULL, NULL, N'', CAST(0.00000 AS Numeric(10, 5)), CAST(0.00000 AS Numeric(10, 5)), CAST(N'1900-01-01 00:00:00.000' AS DateTime), N'18607816066', NULL, NULL, NULL, N'')
INSERT [dbo].[HS_WORKER] ([OID], [OWNER], [HS_ENTERPRISE], [HS_DIRECTOR], [HEAD_PIC], [CERT_TYPE], [CERT_CODE], [CERT_PIC], [NAME], [SEX], [BIRTHDAY], [MARITAL_STATUS], [RESIDENT_TYPE], [NATION], [RELIGION], [HEIGHT], [WEIGHT], [NATIONALITY], [NATIVE_AREA], [NATIVE_ADDRESS], [WORKPLACE_NATION], [WORKPLACE_AREA], [WORKPLACE_ADDRESS], [PHONE], [EDUCATION], [FROM_START_YEAR], [SKILL], [LANGUAGE], [VEHICLE_TYPE], [MEDALS], [TOTAL_POINTS], [BANK], [SUBBANK], [BANK_ACCOUNT], [NOTE], [LON], [LAT], [CREATE_TIME], [MOBILE], [WX_ACCOUNT], [PASSWORD], [STATUS], [FULL_TEXT]) VALUES (N'd96b60cd898044ff971637fd5e077328', N'null', N'b96d25d1fabb42888bac9d38cc382450', NULL, N'', N'00', N'', N'#CERT_PIC#', N'', N'', CAST(N'1950-01-01' AS Date), N'', N'', N'', N'', CAST(0.00 AS Numeric(10, 2)), CAST(0.00 AS Numeric(10, 2)), N'', N'', N'', N'', N'', N'', N'', N'', 2000, N'', N'', N'', N'', CAST(0.00 AS Numeric(10, 2)), N'null', N'null', N'null', N'', CAST(0.00000 AS Numeric(10, 5)), CAST(0.00000 AS Numeric(10, 5)), CAST(N'2019-08-07 18:42:40.920' AS DateTime), N'#MOBILE#', NULL, NULL, N'#STATUS#', N'')
INSERT [dbo].[HS_WORKER] ([OID], [OWNER], [HS_ENTERPRISE], [HS_DIRECTOR], [HEAD_PIC], [CERT_TYPE], [CERT_CODE], [CERT_PIC], [NAME], [SEX], [BIRTHDAY], [MARITAL_STATUS], [RESIDENT_TYPE], [NATION], [RELIGION], [HEIGHT], [WEIGHT], [NATIONALITY], [NATIVE_AREA], [NATIVE_ADDRESS], [WORKPLACE_NATION], [WORKPLACE_AREA], [WORKPLACE_ADDRESS], [PHONE], [EDUCATION], [FROM_START_YEAR], [SKILL], [LANGUAGE], [VEHICLE_TYPE], [MEDALS], [TOTAL_POINTS], [BANK], [SUBBANK], [BANK_ACCOUNT], [NOTE], [LON], [LAT], [CREATE_TIME], [MOBILE], [WX_ACCOUNT], [PASSWORD], [STATUS], [FULL_TEXT]) VALUES (N'dc482ad840d04692a251f75e79d76ce3', N'', N'1867d49ff6454bde8e67be6acdfeef31', NULL, N'', N'', N'', N'', N'新阿姨', N'0', CAST(N'1980-08-08' AS Date), N'', N'', N'', N'', CAST(0.00 AS Numeric(10, 2)), CAST(0.00 AS Numeric(10, 2)), N'', N'', N'', N'', N'', N'', N'', N'', 0, N'', N'', N'', N'', CAST(0.00 AS Numeric(10, 2)), N'', N'', N'', N'', CAST(0.00000 AS Numeric(10, 5)), CAST(0.00000 AS Numeric(10, 5)), CAST(N'2019-08-12 09:18:21.873' AS DateTime), N'', NULL, NULL, N'9', N'')
INSERT [dbo].[HS_WORKER] ([OID], [OWNER], [HS_ENTERPRISE], [HS_DIRECTOR], [HEAD_PIC], [CERT_TYPE], [CERT_CODE], [CERT_PIC], [NAME], [SEX], [BIRTHDAY], [MARITAL_STATUS], [RESIDENT_TYPE], [NATION], [RELIGION], [HEIGHT], [WEIGHT], [NATIONALITY], [NATIVE_AREA], [NATIVE_ADDRESS], [WORKPLACE_NATION], [WORKPLACE_AREA], [WORKPLACE_ADDRESS], [PHONE], [EDUCATION], [FROM_START_YEAR], [SKILL], [LANGUAGE], [VEHICLE_TYPE], [MEDALS], [TOTAL_POINTS], [BANK], [SUBBANK], [BANK_ACCOUNT], [NOTE], [LON], [LAT], [CREATE_TIME], [MOBILE], [WX_ACCOUNT], [PASSWORD], [STATUS], [FULL_TEXT]) VALUES (N'dec5306e07a84393bb6000bcd7d93882', N'', N'b96d25d1fabb42888bac9d38cc382450', NULL, N'', N'', N'', N'', N'新阿姨', N'0', CAST(N'1980-08-08' AS Date), N'', N'', N'', N'', CAST(0.00 AS Numeric(10, 2)), CAST(0.00 AS Numeric(10, 2)), N'', N'', N'', N'', N'', N'', N'', N'', 0, N'', N'', N'', N'', CAST(0.00 AS Numeric(10, 2)), N'', N'', N'', N'', CAST(0.00000 AS Numeric(10, 5)), CAST(0.00000 AS Numeric(10, 5)), CAST(N'2019-08-12 09:16:55.860' AS DateTime), N'', NULL, NULL, N'9', N'')
INSERT [dbo].[HS_WORKER] ([OID], [OWNER], [HS_ENTERPRISE], [HS_DIRECTOR], [HEAD_PIC], [CERT_TYPE], [CERT_CODE], [CERT_PIC], [NAME], [SEX], [BIRTHDAY], [MARITAL_STATUS], [RESIDENT_TYPE], [NATION], [RELIGION], [HEIGHT], [WEIGHT], [NATIONALITY], [NATIVE_AREA], [NATIVE_ADDRESS], [WORKPLACE_NATION], [WORKPLACE_AREA], [WORKPLACE_ADDRESS], [PHONE], [EDUCATION], [FROM_START_YEAR], [SKILL], [LANGUAGE], [VEHICLE_TYPE], [MEDALS], [TOTAL_POINTS], [BANK], [SUBBANK], [BANK_ACCOUNT], [NOTE], [LON], [LAT], [CREATE_TIME], [MOBILE], [WX_ACCOUNT], [PASSWORD], [STATUS], [FULL_TEXT]) VALUES (N'e440961fb8fa4609a748952fbe25d9d3', NULL, N'b96d25d1fabb42888bac9d38cc382450', NULL, N'/app_data/HSBOSS/AFS/2019/0718/1035/e440961fb8fa4609a748952fbe25d9d3.jpg', N'00', N'', NULL, N'李秀芬', N'undefined', CAST(N'1950-01-01' AS Date), NULL, NULL, NULL, NULL, CAST(0.00 AS Numeric(10, 2)), CAST(0.00 AS Numeric(10, 2)), N'', N'', N'', N'', N'', N'', N'', NULL, 2019, N'', N'', NULL, NULL, CAST(0.00 AS Numeric(10, 2)), NULL, NULL, NULL, N'', CAST(0.00000 AS Numeric(10, 5)), CAST(0.00000 AS Numeric(10, 5)), CAST(N'2019-07-18 10:33:33.377' AS DateTime), NULL, NULL, NULL, NULL, N'')
INSERT [dbo].[HS_WORKER] ([OID], [OWNER], [HS_ENTERPRISE], [HS_DIRECTOR], [HEAD_PIC], [CERT_TYPE], [CERT_CODE], [CERT_PIC], [NAME], [SEX], [BIRTHDAY], [MARITAL_STATUS], [RESIDENT_TYPE], [NATION], [RELIGION], [HEIGHT], [WEIGHT], [NATIONALITY], [NATIVE_AREA], [NATIVE_ADDRESS], [WORKPLACE_NATION], [WORKPLACE_AREA], [WORKPLACE_ADDRESS], [PHONE], [EDUCATION], [FROM_START_YEAR], [SKILL], [LANGUAGE], [VEHICLE_TYPE], [MEDALS], [TOTAL_POINTS], [BANK], [SUBBANK], [BANK_ACCOUNT], [NOTE], [LON], [LAT], [CREATE_TIME], [MOBILE], [WX_ACCOUNT], [PASSWORD], [STATUS], [FULL_TEXT]) VALUES (N'ee20824eed8b4132b1aa7c93ff58afb8', N'', N'1867d49ff6454bde8e67be6acdfeef31', NULL, N'', N'', N'', N'', N'新阿姨', N'0', CAST(N'1980-08-08' AS Date), N'', N'', N'', N'', CAST(0.00 AS Numeric(10, 2)), CAST(0.00 AS Numeric(10, 2)), N'', N'', N'', N'', N'', N'', N'', N'', 0, N'', N'', N'', N'', CAST(0.00 AS Numeric(10, 2)), N'', N'', N'', N'', CAST(0.00000 AS Numeric(10, 5)), CAST(0.00000 AS Numeric(10, 5)), CAST(N'2019-08-12 09:24:52.347' AS DateTime), N'', NULL, NULL, N'9', N'')
INSERT [dbo].[HS_WORKER] ([OID], [OWNER], [HS_ENTERPRISE], [HS_DIRECTOR], [HEAD_PIC], [CERT_TYPE], [CERT_CODE], [CERT_PIC], [NAME], [SEX], [BIRTHDAY], [MARITAL_STATUS], [RESIDENT_TYPE], [NATION], [RELIGION], [HEIGHT], [WEIGHT], [NATIONALITY], [NATIVE_AREA], [NATIVE_ADDRESS], [WORKPLACE_NATION], [WORKPLACE_AREA], [WORKPLACE_ADDRESS], [PHONE], [EDUCATION], [FROM_START_YEAR], [SKILL], [LANGUAGE], [VEHICLE_TYPE], [MEDALS], [TOTAL_POINTS], [BANK], [SUBBANK], [BANK_ACCOUNT], [NOTE], [LON], [LAT], [CREATE_TIME], [MOBILE], [WX_ACCOUNT], [PASSWORD], [STATUS], [FULL_TEXT]) VALUES (N'f4b17466a7914edd805d3f616252d855', N'', N'b96d25d1fabb42888bac9d38cc382450', N'46d10019d584485a8918dc0c56e686b6', N'', N'', N'', N'', N'新阿姨', N'0', CAST(N'1980-08-08' AS Date), N'', N'', N'', N'', CAST(0.00 AS Numeric(10, 2)), CAST(0.00 AS Numeric(10, 2)), N'', N'', N'', N'', N'', N'', N'', N'', 0, N'', N'', N'', N'', CAST(0.00 AS Numeric(10, 2)), N'', N'', N'', N'', CAST(0.00000 AS Numeric(10, 5)), CAST(0.00000 AS Numeric(10, 5)), CAST(N'2019-08-09 11:17:27.373' AS DateTime), N'', NULL, NULL, N'9', N'')
INSERT [dbo].[HS_WORKER] ([OID], [OWNER], [HS_ENTERPRISE], [HS_DIRECTOR], [HEAD_PIC], [CERT_TYPE], [CERT_CODE], [CERT_PIC], [NAME], [SEX], [BIRTHDAY], [MARITAL_STATUS], [RESIDENT_TYPE], [NATION], [RELIGION], [HEIGHT], [WEIGHT], [NATIONALITY], [NATIVE_AREA], [NATIVE_ADDRESS], [WORKPLACE_NATION], [WORKPLACE_AREA], [WORKPLACE_ADDRESS], [PHONE], [EDUCATION], [FROM_START_YEAR], [SKILL], [LANGUAGE], [VEHICLE_TYPE], [MEDALS], [TOTAL_POINTS], [BANK], [SUBBANK], [BANK_ACCOUNT], [NOTE], [LON], [LAT], [CREATE_TIME], [MOBILE], [WX_ACCOUNT], [PASSWORD], [STATUS], [FULL_TEXT]) VALUES (N'f542430733114038bf70b4f50d574535', N'', N'b96d25d1fabb42888bac9d38cc382450', N'46d10019d584485a8918dc0c56e686b6', N'', N'', N'', N'', N'新阿姨', N'0', CAST(N'1980-08-08' AS Date), N'', N'', N'', N'', CAST(0.00 AS Numeric(10, 2)), CAST(0.00 AS Numeric(10, 2)), N'', N'', N'', N'', N'', N'', N'', N'', 0, N'', N'', N'', N'', CAST(0.00 AS Numeric(10, 2)), N'', N'', N'', N'', CAST(0.00000 AS Numeric(10, 5)), CAST(0.00000 AS Numeric(10, 5)), CAST(N'2019-08-09 11:17:29.260' AS DateTime), N'', NULL, NULL, N'9', N'')
INSERT [dbo].[HS_LABOUR_CONTRACT] ([OID], [HS_ENTERPRISE], [HS_WORKER], [START_DATE], [END_DATE], [NOTE]) VALUES (N'b66d11dbf326422a9d3dd7d4036be23b', N'E001', N'd06c7caced9a488483f3492a3105d569', CAST(N'2019-06-29' AS Date), CAST(N'2019-06-29' AS Date), N'')
INSERT [dbo].[HS_PROVIDE_CONTRACT] ([OID], [HS_ENTERPRISE], [HS_SERVICE], [START_TIME], [END_TIME], [ENTERPRISE_COMM], [PLATFORM_COMM], [NOTE]) VALUES (N'09bcaba22c704ceaad8e9ae4bfb5aabd', N'06ae121056a44103a8bb0f3167032855', N'fd08ea8db0f1474d8a711a3b656929ef', CAST(N'2019-08-14 17:09:49.200' AS DateTime), CAST(N'2999-12-31 00:00:00.000' AS DateTime), CAST(0.00 AS Numeric(10, 2)), CAST(0.00 AS Numeric(10, 2)), N'')
INSERT [dbo].[HS_PROVIDE_CONTRACT] ([OID], [HS_ENTERPRISE], [HS_SERVICE], [START_TIME], [END_TIME], [ENTERPRISE_COMM], [PLATFORM_COMM], [NOTE]) VALUES (N'1532dd76234f4bfca70beed474e89d4a', N'06ae121056a44103a8bb0f3167032855', N'cb1a39a41fd34714a94df89199664dc9', CAST(N'2019-08-13 12:08:00.627' AS DateTime), CAST(N'2999-12-31 00:00:00.000' AS DateTime), CAST(10.00 AS Numeric(10, 2)), CAST(0.00 AS Numeric(10, 2)), N'')
INSERT [dbo].[HS_PROVIDE_CONTRACT] ([OID], [HS_ENTERPRISE], [HS_SERVICE], [START_TIME], [END_TIME], [ENTERPRISE_COMM], [PLATFORM_COMM], [NOTE]) VALUES (N'1cc42dbc2d88402993429be945b81f9d', N'69137465fd98477b9a3f1b7453f28ef3', N'cb1a39a41fd34714a94df89199664dc9', CAST(N'2019-08-09 14:51:34.050' AS DateTime), CAST(N'2999-12-31 00:00:00.000' AS DateTime), CAST(0.00 AS Numeric(10, 2)), CAST(0.00 AS Numeric(10, 2)), N'')
INSERT [dbo].[HS_PROVIDE_CONTRACT] ([OID], [HS_ENTERPRISE], [HS_SERVICE], [START_TIME], [END_TIME], [ENTERPRISE_COMM], [PLATFORM_COMM], [NOTE]) VALUES (N'2af3b6500f8a4ede88b65896fdfa08f7', N'797d8e561c1b4ec8859eafb1b8156768', N'08045af4ec0d42288cd45c147b968722', CAST(N'2019-08-07 16:59:53.807' AS DateTime), CAST(N'2999-12-31 00:00:00.000' AS DateTime), CAST(0.00 AS Numeric(10, 2)), CAST(0.00 AS Numeric(10, 2)), N'')
INSERT [dbo].[HS_PROVIDE_CONTRACT] ([OID], [HS_ENTERPRISE], [HS_SERVICE], [START_TIME], [END_TIME], [ENTERPRISE_COMM], [PLATFORM_COMM], [NOTE]) VALUES (N'3881ee9a671b44e788cdb5061c2fbd2f', N'b96d25d1fabb42888bac9d38cc382450', N'ad6d3a57f6da472d986a74fed3c9d7ec', CAST(N'2019-08-06 09:32:20.200' AS DateTime), CAST(N'2999-12-31 00:00:00.000' AS DateTime), CAST(0.00 AS Numeric(10, 2)), CAST(0.00 AS Numeric(10, 2)), N'')
INSERT [dbo].[HS_PROVIDE_CONTRACT] ([OID], [HS_ENTERPRISE], [HS_SERVICE], [START_TIME], [END_TIME], [ENTERPRISE_COMM], [PLATFORM_COMM], [NOTE]) VALUES (N'54f9269218d04120bbbd0dabafa5744a', N'1867d49ff6454bde8e67be6acdfeef31', N'ad6d3a57f6da472d986a74fed3c9d7ec', CAST(N'2019-08-09 15:36:22.180' AS DateTime), CAST(N'2999-12-31 00:00:00.000' AS DateTime), CAST(20.00 AS Numeric(10, 2)), CAST(0.00 AS Numeric(10, 2)), N'')
INSERT [dbo].[HS_PROVIDE_CONTRACT] ([OID], [HS_ENTERPRISE], [HS_SERVICE], [START_TIME], [END_TIME], [ENTERPRISE_COMM], [PLATFORM_COMM], [NOTE]) VALUES (N'6d442c5deddb40e58a9a8c87e8c7dfb9', N'b96d25d1fabb42888bac9d38cc382450', N'08045af4ec0d42288cd45c147b968722', CAST(N'2019-08-06 09:32:13.043' AS DateTime), CAST(N'2999-12-31 00:00:00.000' AS DateTime), CAST(0.00 AS Numeric(10, 2)), CAST(0.00 AS Numeric(10, 2)), N'')
INSERT [dbo].[HS_PROVIDE_CONTRACT] ([OID], [HS_ENTERPRISE], [HS_SERVICE], [START_TIME], [END_TIME], [ENTERPRISE_COMM], [PLATFORM_COMM], [NOTE]) VALUES (N'7749bab54e7446b4a55f63092bd0ce05', N'06ae121056a44103a8bb0f3167032855', N'ad6d3a57f6da472d986a74fed3c9d7ec', CAST(N'2019-08-13 12:01:18.530' AS DateTime), CAST(N'2999-12-31 00:00:00.000' AS DateTime), CAST(13.00 AS Numeric(10, 2)), CAST(21.00 AS Numeric(10, 2)), N'')
INSERT [dbo].[HS_PROVIDE_CONTRACT] ([OID], [HS_ENTERPRISE], [HS_SERVICE], [START_TIME], [END_TIME], [ENTERPRISE_COMM], [PLATFORM_COMM], [NOTE]) VALUES (N'7d076d8ef58649c1bbc9c3c0043791a6', N'05cc3c3d50f14104848f421a5db8aba3', N'08045af4ec0d42288cd45c147b968722', CAST(N'2019-08-13 00:00:00.000' AS DateTime), CAST(N'2999-12-31 00:00:00.000' AS DateTime), CAST(20.00 AS Numeric(10, 2)), CAST(20.00 AS Numeric(10, 2)), N'')
INSERT [dbo].[HS_PROVIDE_CONTRACT] ([OID], [HS_ENTERPRISE], [HS_SERVICE], [START_TIME], [END_TIME], [ENTERPRISE_COMM], [PLATFORM_COMM], [NOTE]) VALUES (N'c5c19f2afb2d4a059edac263ccce9dd2', N'797d8e561c1b4ec8859eafb1b8156768', N'ad6d3a57f6da472d986a74fed3c9d7ec', CAST(N'2019-08-07 17:00:00.790' AS DateTime), CAST(N'2999-12-31 00:00:00.000' AS DateTime), CAST(0.00 AS Numeric(10, 2)), CAST(0.00 AS Numeric(10, 2)), N'')
INSERT [dbo].[HS_PROVIDE_CONTRACT] ([OID], [HS_ENTERPRISE], [HS_SERVICE], [START_TIME], [END_TIME], [ENTERPRISE_COMM], [PLATFORM_COMM], [NOTE]) VALUES (N'c7bdcf47871142129177934d8a146195', N'06ae121056a44103a8bb0f3167032855', N'08045af4ec0d42288cd45c147b968722', CAST(N'2019-08-13 17:36:51.237' AS DateTime), CAST(N'2999-12-31 00:00:00.000' AS DateTime), CAST(30.00 AS Numeric(10, 2)), CAST(20.00 AS Numeric(10, 2)), N'')
INSERT [dbo].[HS_PROVIDE_CONTRACT] ([OID], [HS_ENTERPRISE], [HS_SERVICE], [START_TIME], [END_TIME], [ENTERPRISE_COMM], [PLATFORM_COMM], [NOTE]) VALUES (N'cdb8b2a5b3d140a5a1d296f39805d41b', N'05cc3c3d50f14104848f421a5db8aba3', N'ad6d3a57f6da472d986a74fed3c9d7ec', CAST(N'2019-08-13 00:00:00.000' AS DateTime), CAST(N'2999-12-31 00:00:00.000' AS DateTime), CAST(2.00 AS Numeric(10, 2)), CAST(5.00 AS Numeric(10, 2)), N'')
INSERT [dbo].[HS_BILL] ([OID], [HS_ORDER], [BILL_TIME], [CHARGE_TYPE], [SUBJECT], [UNIT], [CURRENCY], [RATE], [QUANTITY], [SUM], [NOTE], [STATUS]) VALUES (N'ad6d3a57f6da472d986a74fed3c9d7ec', N'ad6d3a57f6da472d986a74fed3c9d7ec', CAST(N'2019-07-31 10:12:00.000' AS DateTime), NULL, N'100㎡4小时', NULL, NULL, CAST(100.00 AS Numeric(10, 2)), CAST(1.00 AS Numeric(10, 2)), CAST(100.00 AS Numeric(10, 2)), NULL, NULL)
INSERT [dbo].[HS_BILL] ([OID], [HS_ORDER], [BILL_TIME], [CHARGE_TYPE], [SUBJECT], [UNIT], [CURRENCY], [RATE], [QUANTITY], [SUM], [NOTE], [STATUS]) VALUES (N'dqweqw', N'dqweqw', CAST(N'2019-07-31 10:12:00.000' AS DateTime), NULL, N'100㎡4小时', NULL, NULL, CAST(100.00 AS Numeric(10, 2)), CAST(1.00 AS Numeric(10, 2)), CAST(100.00 AS Numeric(10, 2)), NULL, NULL)
INSERT [dbo].[HS_FAVOURABLE] ([OID], [HS_SERVICE], [START_TIME], [END_TIME], [FAVOURABLE_TYPE], [DESCRITION], [LIMIT], [NOTE], [CREATE_TIME], [FULL_TEXT]) VALUES (N'f0badf09b0ef4780b23bc1334bc0aee8', N'08045af4ec0d42288cd45c147b968722', CAST(N'2019-08-02 10:47:00.000' AS DateTime), CAST(N'2019-08-02 10:47:00.000' AS DateTime), N'00', N'undefined', CAST(0.00 AS Numeric(10, 2)), N'', CAST(N'2019-08-02 10:47:58.923' AS DateTime), N'')
INSERT [dbo].[HS_SERVICE_RATE] ([OID], [HS_SERVICE], [START_TIME], [END_TIME], [CHARGE_TYPE], [UNIT], [CURRENCY], [RATE], [PREPAY], [NOTE], [CREATE_TIME], [FULL_TEXT]) VALUES (N'04cfdca17a944bddb669850538bbe8f7', N'cb1a39a41fd34714a94df89199664dc9', CAST(N'2019-08-02 17:47:00.000' AS DateTime), CAST(N'2019-08-02 17:47:00.0000000' AS DateTime2), N'01', N'0300', N'000', CAST(3000.00 AS Numeric(10, 2)), CAST(0.00 AS Numeric(10, 2)), N'', CAST(N'2019-08-02 17:47:37.787' AS DateTime), N'')
INSERT [dbo].[HS_SERVICE_RATE] ([OID], [HS_SERVICE], [START_TIME], [END_TIME], [CHARGE_TYPE], [UNIT], [CURRENCY], [RATE], [PREPAY], [NOTE], [CREATE_TIME], [FULL_TEXT]) VALUES (N'28c9a947d80f4eb89d52766e8e300fce', N'fd08ea8db0f1474d8a711a3b656929ef', CAST(N'2019-08-02 17:50:00.000' AS DateTime), CAST(N'2019-08-02 17:50:00.0000000' AS DateTime2), N'00', N'01', N'000', CAST(300.00 AS Numeric(10, 2)), CAST(0.00 AS Numeric(10, 2)), N'', CAST(N'2019-08-02 17:50:30.023' AS DateTime), N'')
INSERT [dbo].[HS_SERVICE_RATE] ([OID], [HS_SERVICE], [START_TIME], [END_TIME], [CHARGE_TYPE], [UNIT], [CURRENCY], [RATE], [PREPAY], [NOTE], [CREATE_TIME], [FULL_TEXT]) VALUES (N'888d2f46f9454acaa0c577aa339ae65d', N'ad6d3a57f6da472d986a74fed3c9d7ec', CAST(N'2019-08-02 11:07:00.000' AS DateTime), CAST(N'2019-08-02 11:07:00.0000000' AS DateTime2), N'00', N'0100', N'000', CAST(200.00 AS Numeric(10, 2)), CAST(0.00 AS Numeric(10, 2)), N'法豆腐干豆腐干地方是固定', CAST(N'2019-08-02 11:07:21.993' AS DateTime), N'')
INSERT [dbo].[HS_SERVICE_RATE] ([OID], [HS_SERVICE], [START_TIME], [END_TIME], [CHARGE_TYPE], [UNIT], [CURRENCY], [RATE], [PREPAY], [NOTE], [CREATE_TIME], [FULL_TEXT]) VALUES (N'ab512ec23ba64834a2660624dff8e8f8', N'08045af4ec0d42288cd45c147b968722', CAST(N'2019-08-02 10:47:00.000' AS DateTime), CAST(N'2019-08-02 10:47:00.0000000' AS DateTime2), N'00', N'0100', N'000', CAST(1000.00 AS Numeric(10, 2)), CAST(0.00 AS Numeric(10, 2)), N'', CAST(N'2019-08-02 10:47:34.813' AS DateTime), N'')
INSERT [dbo].[HS_SERVICE_RATE] ([OID], [HS_SERVICE], [START_TIME], [END_TIME], [CHARGE_TYPE], [UNIT], [CURRENCY], [RATE], [PREPAY], [NOTE], [CREATE_TIME], [FULL_TEXT]) VALUES (N'f953bca906a44dc0ae6f7c4fc2ab80be', N'113de1d81ef444a78439b12a40990edc', CAST(N'2019-08-02 17:48:00.000' AS DateTime), CAST(N'2019-08-02 17:48:00.0000000' AS DateTime2), N'01', N'0300', N'000', CAST(8000.00 AS Numeric(10, 2)), CAST(0.00 AS Numeric(10, 2)), N'', CAST(N'2019-08-02 17:48:52.517' AS DateTime), N'')
INSERT [dbo].[HS_WORKER_SERVICE] ([OID], [HS_WORKER], [HS_SERVICE], [PRIORITY], [TAKING_TYPE], [MIN_RATE], [MIN_QUANTITY], [MAX_DISTANCE], [NOTE]) VALUES (N'51425ca1a9f8499b82a864dbc0f44fad', N'd06c7caced9a488483f3492a3105d569', N'ad6d3a57f6da472d986a74fed3c9d7ec', 1, N'01', CAST(100.00 AS Numeric(10, 2)), CAST(2.00 AS Numeric(10, 2)), CAST(5.0 AS Numeric(10, 1)), N'')
INSERT [dbo].[HS_WORKER_ILLEGAL] ([OID], [HS_WORKER], [ILLEGAL_TYPE], [ILLEGAL_DATE], [ILLEGAL_BEHAVIOR], [ARBITRATOR], [ARBITRATE_DATE], [ARBITRATION_RESULT], [EXECUTOR], [EXECUTE_DATE], [EXECUTION_RESULT], [NOTE], [STATUS], [CREATE_TIME], [FULL_TEXT]) VALUES (N'648eedb391ac453db113f61f90f47b5a', N'd06c7caced9a488483f3492a3105d569', N'00', CAST(N'2019-06-30' AS Date), N'地方发生的发生', N'', CAST(N'2019-06-30' AS Date), N'烦死哒', N'', CAST(N'2019-06-30' AS Date), N'都是', N'', N'00', CAST(N'2019-06-30 17:22:44.400' AS DateTime), N'')
INSERT [dbo].[HS_WORKER_LICENCE] ([OID], [HS_WORKER], [CERT_TYPE], [CERT_CODE], [EFFECTIVE_DATE], [EXPIRY_DATE], [ISSUING_ORG], [ISSUING_DATE], [NOTE]) VALUES (N'1412353777b3462fb234355c5b62a48c', N'd06c7caced9a488483f3492a3105d569', N'00', N'152369854', CAST(N'2010-11-01' AS Date), CAST(N'2019-12-31' AS Date), N'', CAST(N'2019-07-29' AS Date), N'')
INSERT [dbo].[HS_WORKER_LICENCE] ([OID], [HS_WORKER], [CERT_TYPE], [CERT_CODE], [EFFECTIVE_DATE], [EXPIRY_DATE], [ISSUING_ORG], [ISSUING_DATE], [NOTE]) VALUES (N'4d544d8a5fab47b9b1b53ac6b2acdc1c', N'd06c7caced9a488483f3492a3105d569', N'00', N'12312241221', CAST(N'2019-07-01' AS Date), CAST(N'2019-07-31' AS Date), N'', CAST(N'2019-07-28' AS Date), N'')
INSERT [dbo].[HS_WORKER_LICENCE] ([OID], [HS_WORKER], [CERT_TYPE], [CERT_CODE], [EFFECTIVE_DATE], [EXPIRY_DATE], [ISSUING_ORG], [ISSUING_DATE], [NOTE]) VALUES (N'6344a042c24b4458b1cb8b6a272bddcd', N'0d102d4c8a9f43d1a39b87591d923ce7', N'00', N'754574747', CAST(N'2019-08-08' AS Date), CAST(N'2022-08-08' AS Date), N'', CAST(N'2019-08-08' AS Date), N'')
INSERT [dbo].[HS_WORKER_LICENCE] ([OID], [HS_WORKER], [CERT_TYPE], [CERT_CODE], [EFFECTIVE_DATE], [EXPIRY_DATE], [ISSUING_ORG], [ISSUING_DATE], [NOTE]) VALUES (N'794889b6e117415eb46f9d5a0d85e195', N'5a9bb18787c74de3a0e668ef5ffe385f', N'00', N'007', CAST(N'2019-08-09' AS Date), CAST(N'2019-08-09' AS Date), N'', CAST(N'2019-08-09' AS Date), N'')
INSERT [dbo].[HS_WORKER_LICENCE] ([OID], [HS_WORKER], [CERT_TYPE], [CERT_CODE], [EFFECTIVE_DATE], [EXPIRY_DATE], [ISSUING_ORG], [ISSUING_DATE], [NOTE]) VALUES (N'9c0f51e00ec3420caa8928334b0a08da', N'0d102d4c8a9f43d1a39b87591d923ce7', N'00', N'4321244124124', CAST(N'2019-08-08' AS Date), CAST(N'2022-08-08' AS Date), N'', CAST(N'2019-08-08' AS Date), N'')
INSERT [dbo].[HS_WORKER_MER] ([OID], [HS_WORKER], [MEC], [ME_DATE], [RESULT], [NOTE]) VALUES (N'740de55b1e14495fb2ea5cece729d863', N'd06c7caced9a488483f3492a3105d569', N'广西303医院', CAST(N'2019-06-30' AS Date), N'00', N'')
INSERT [dbo].[HS_WORKER_RELATIVES] ([OID], [HS_WORKER], [RELATIONSHIP], [CERT_TYPE], [CERT_NUMBER], [NAME], [SEX], [BIRTHDAY], [PHONE], [ADDRESS], [NOTE]) VALUES (N'7f1b1b9c566b453e804529821520dc0d', N'd06c7caced9a488483f3492a3105d569', N'01', N'00', N'', N'王靖宇', N'0', CAST(N'1970-01-01' AS Date), N'', N'', N'')
INSERT [dbo].[FW_PARAMETER] ([OID], [PARAM_GROUP], [ORDER_CODE], [PARAM_KEY], [PARAM_VALUE], [PARAM_TYPE], [DESCRIPTION]) VALUES (N'SYS_APP_NAME', N'系统', N'00-001', N'SYS_APP_NAME', N'广西家政云平台', N'null', N'')
INSERT [dbo].[FW_PARAMETER] ([OID], [PARAM_GROUP], [ORDER_CODE], [PARAM_KEY], [PARAM_VALUE], [PARAM_TYPE], [DESCRIPTION]) VALUES (N'SYS_APP_NAME_EN', N'系统', N'00-002', N'SYS_APP_NAME_EN', N'Guangxi home service cloud platform', N'null', N'')
INSERT [dbo].[FW_PARAMETER] ([OID], [PARAM_GROUP], [ORDER_CODE], [PARAM_KEY], [PARAM_VALUE], [PARAM_TYPE], [DESCRIPTION]) VALUES (N'SYS_APP_COPYRIGHT', N'系统', N'00-003', N'SYS_APP_COPYRIGHT', N'朵拉科技', N'null', N'')
INSERT [dbo].[FW_PARAMETER] ([OID], [PARAM_GROUP], [ORDER_CODE], [PARAM_KEY], [PARAM_VALUE], [PARAM_TYPE], [DESCRIPTION]) VALUES (N'SYS_APP_VERSION', N'系统', N'00-004', N'SYS_APP_VERSION', N'V1.0', NULL, N'')
INSERT [dbo].[HS_ACCESSORY] ([OID], [BIZ_OID], [SN], [NAME], [FILE_TYPE], [FILE_PATH], [CREATE_TIME]) VALUES (N'3c71bd0a9c1a48eeba7b950950290f83', N'E001', 1, N'', N'png', N'../../app_data/HSBOSS/AFS/2019/0710/0946/3c71bd0a9c1a48eeba7b950950290f83.png', CAST(N'2019-07-10 09:46:13.137' AS DateTime))
INSERT [dbo].[HS_ACCESSORY] ([OID], [BIZ_OID], [SN], [NAME], [FILE_TYPE], [FILE_PATH], [CREATE_TIME]) VALUES (N'43c600e1ab9b48149d2c0c152b0640c8', N'b1db46aed6844deb9f730b02c9c06c94', 1, N'', N'jpg', N'/app_data/HSBOSS/AFS/2019/0809/1200/43c600e1ab9b48149d2c0c152b0640c8.jpg', CAST(N'2019-08-09 12:00:09.870' AS DateTime))
INSERT [dbo].[HS_ACCESSORY] ([OID], [BIZ_OID], [SN], [NAME], [FILE_TYPE], [FILE_PATH], [CREATE_TIME]) VALUES (N'47350a83ca6e4e93868959b14a36b9e3', N'e6a66dfb640b4c6e91c6566804f99896', 1, N'', N'jpg', N'../../app_data/HSBOSS/AFS/2019/0711/1216/47350a83ca6e4e93868959b14a36b9e3.jpg', CAST(N'2019-07-11 12:16:57.803' AS DateTime))
INSERT [dbo].[HS_ACCESSORY] ([OID], [BIZ_OID], [SN], [NAME], [FILE_TYPE], [FILE_PATH], [CREATE_TIME]) VALUES (N'4cb91c1f052b407686bfb415218b806f', N'8844a0c5a1b14e769d18cdb7df0ef115', 1, N'', N'png', N'../../app_data/HSBOSS/AFS/2019/0711/1216/47350a83ca6e4e93868959b14a36b9e3.jpg', CAST(N'2019-07-23 10:07:11.387' AS DateTime))
INSERT [dbo].[HS_ACCESSORY] ([OID], [BIZ_OID], [SN], [NAME], [FILE_TYPE], [FILE_PATH], [CREATE_TIME]) VALUES (N'6cba243067a84b7c9a9dc444acad13aa', N'b66d11dbf326422a9d3dd7d4036be23b', 1, N'', N'png', N'../../app_data/HSBOSS/AFS/2019/0711/1349/6cba243067a84b7c9a9dc444acad13aa.png', CAST(N'2019-07-11 13:49:38.837' AS DateTime))
INSERT [dbo].[HS_ACCESSORY] ([OID], [BIZ_OID], [SN], [NAME], [FILE_TYPE], [FILE_PATH], [CREATE_TIME]) VALUES (N'7f194b214dac4b6b9bc4ffaa6b9d370c', N'66d6c3bbcb8f4c64a8deb1a72f381d97', 2, N'', N'jpg', N'/app_data/HSBOSS/AFS/2019/0808/1753/7f194b214dac4b6b9bc4ffaa6b9d370c.jpg', CAST(N'2019-08-08 17:53:35.620' AS DateTime))
INSERT [dbo].[HS_ACCESSORY] ([OID], [BIZ_OID], [SN], [NAME], [FILE_TYPE], [FILE_PATH], [CREATE_TIME]) VALUES (N'961fb93980cc42649e208e68d133fca8', N'6344a042c24b4458b1cb8b6a272bddcd', 2, N'', N'jpg', N'/app_data/HSBOSS/AFS/2019/0808/1618/961fb93980cc42649e208e68d133fca8.jpg', CAST(N'2019-08-08 16:18:10.487' AS DateTime))
INSERT [dbo].[HS_ACCESSORY] ([OID], [BIZ_OID], [SN], [NAME], [FILE_TYPE], [FILE_PATH], [CREATE_TIME]) VALUES (N'cb7c279f3d964f3888c3cd8a998b3f46', N'0d102d4c8a9f43d1a39b87591d923ce7', 2, N'', N'jpg', N'/app_data/HSBOSS/AFS/2019/0808/1008/cb7c279f3d964f3888c3cd8a998b3f46.jpg', CAST(N'2019-08-08 10:08:59.220' AS DateTime))
INSERT [dbo].[HS_ACCESSORY] ([OID], [BIZ_OID], [SN], [NAME], [FILE_TYPE], [FILE_PATH], [CREATE_TIME]) VALUES (N'cd8dd9ac426440f2b680a62abfe73286', N'66d6c3bbcb8f4c64a8deb1a72f381d97', 1, N'', N'jpg', N'/app_data/HSBOSS/AFS/2019/0808/1752/cd8dd9ac426440f2b680a62abfe73286.jpg', CAST(N'2019-08-08 17:52:57.260' AS DateTime))
INSERT [dbo].[HS_ACCESSORY] ([OID], [BIZ_OID], [SN], [NAME], [FILE_TYPE], [FILE_PATH], [CREATE_TIME]) VALUES (N'e8a452893fbc4817ba670d20ef656695', N'0d102d4c8a9f43d1a39b87591d923ce7', 1, N'', N'jpg', N'/app_data/HSBOSS/AFS/2019/0808/1008/e8a452893fbc4817ba670d20ef656695.jpg', CAST(N'2019-08-08 10:08:28.173' AS DateTime))
INSERT [dbo].[HS_ACCESSORY] ([OID], [BIZ_OID], [SN], [NAME], [FILE_TYPE], [FILE_PATH], [CREATE_TIME]) VALUES (N'EWRDFG', N'd06c7caced9a488483f3492a3105d569', 1, NULL, N'mp4', N'../../app_data/HSBOSS/AFS/2019/0710/0946/3c71bd0a9c1a48eeba7b950950290f83.png', CAST(N'2019-07-11 13:49:38.837' AS DateTime))
